company,item,calories,calories_from_fat,total_fat_g,sat_fat_g,trans_fat_g,cholesterol_mg,sodium_mg,carbs_g,fiber_g,sugars_g,protein_g,weight_watchers_pnts,serving_size_g,all_nutrients_zero,macro_calories,macro_calorie_gap,pct_protein_cal,pct_carb_cal,pct_fat_cal,protein_g_per_100kcal,carbs_g_per_100kcal,total_fat_g_per_100kcal,fiber_g_per_100kcal,sodium_mg_per_100kcal,healthy_rule_v1,category
McDonald’s,Hamburger,250.0,80.0,9.0,3.5,0.5,25.0,520.0,31.0,2.0,6.0,12.0,247.5,,0,253.0,-3.0,18.97,49.01,32.02,4.8,12.4,3.6,0.8,208.0,1,burger
McDonald’s,Cheeseburger,300.0,110.0,12.0,6.0,0.5,40.0,750.0,33.0,2.0,6.0,15.0,297.0,,0,300.0,0.0,20.0,44.0,36.0,5.0,11.0,4.0,0.667,250.0,0,burger
McDonald’s,Double Cheeseburger,440.0,210.0,23.0,11.0,1.5,80.0,1150.0,34.0,2.0,7.0,25.0,433.0,,0,443.0,-3.0,22.57,30.7,46.73,5.682,7.727,5.227,0.455,261.364,0,burger
McDonald’s,McDouble,390.0,170.0,19.0,8.0,1.0,65.0,920.0,33.0,2.0,7.0,22.0,383.0,,0,391.0,-1.0,22.51,33.76,43.73,5.641,8.462,4.872,0.513,235.897,0,other
McDonald’s, Quarter Pounder® with Cheese,510.0,230.0,26.0,12.0,1.5,90.0,1190.0,40.0,3.0,9.0,29.0,502.0,,0,510.0,0.0,22.75,31.37,45.88,5.686,7.843,5.098,0.588,233.333,0,other
McDonald’s,Double Quarter Pounder® with Cheese,740.0,380.0,42.0,19.0,2.5,155.0,1380.0,40.0,3.0,9.0,48.0,720.0,,0,730.0,10.0,26.3,21.92,51.78,6.486,5.405,5.676,0.405,186.486,0,other
McDonald’s,Big Mac®,540.0,260.0,29.0,10.0,1.5,75.0,1040.0,45.0,3.0,9.0,25.0,534.0,,0,541.0,-1.0,18.48,33.27,48.24,4.63,8.333,5.37,0.556,192.593,0,other
McDonald’s,Big N’ Tasty®,460.0,220.0,24.0,8.0,1.5,70.0,720.0,37.0,3.0,8.0,24.0,452.0,,0,460.0,0.0,20.87,32.17,46.96,5.217,8.043,5.217,0.652,156.522,0,other
McDonald’s,Big N’ Tasty® with Cheese,510.0,250.0,28.0,11.0,1.5,85.0,960.0,38.0,3.0,8.0,27.0,502.0,,0,512.0,-2.0,21.09,29.69,49.22,5.294,7.451,5.49,0.588,188.235,0,other
McDonald’s,Angus Bacon & Cheese,790.0,350.0,39.0,17.0,2.0,145.0,2070.0,63.0,4.0,13.0,45.0,775.0,,0,783.0,7.0,22.99,32.18,44.83,5.696,7.975,4.937,0.506,262.025,0,other
McDonald’s,Angus Deluxe,750.0,350.0,39.0,16.0,2.0,135.0,1700.0,61.0,4.0,10.0,40.0,736.0,,0,755.0,-5.0,21.19,32.32,46.49,5.333,8.133,5.2,0.533,226.667,0,other
McDonald’s,Angus Mushroom & Swiss,770.0,360.0,40.0,17.0,2.0,135.0,1170.0,59.0,4.0,8.0,44.0,751.0,,0,772.0,-2.0,22.8,30.57,46.63,5.714,7.662,5.195,0.519,151.948,0,other
McDonald’s,Filet-O-Fish®,380.0,170.0,18.0,3.5,0.0,40.0,640.0,38.0,2.0,5.0,15.0,373.5,,0,374.0,6.0,16.04,40.64,43.32,3.947,10.0,4.737,0.526,168.421,0,fish
McDonald’s,McChicken ®,360.0,150.0,16.0,3.0,0.0,35.0,830.0,40.0,2.0,5.0,14.0,354.0,,0,360.0,0.0,15.56,44.44,40.0,3.889,11.111,4.444,0.556,230.556,0,chicken
McDonald’s,McRib ®,500.0,240.0,26.0,10.0,0.0,70.0,980.0,44.0,3.0,11.0,22.0,499.0,,0,498.0,2.0,17.67,35.34,46.99,4.4,8.8,5.2,0.6,196.0,0,other
McDonald’s,Premium Grilled Chicken Classic Sandwich,360.0,80.0,9.0,2.0,0.0,65.0,820.0,41.0,4.0,8.0,27.0,343.0,,0,353.0,7.0,30.59,46.46,22.95,7.5,11.389,2.5,1.111,227.778,0,sandwich
McDonald’s,Premium Crispy Chicken Classic Sandwich,510.0,200.0,22.0,3.5,0.0,45.0,990.0,56.0,3.0,10.0,24.0,499.5,,0,518.0,-8.0,18.53,43.24,38.22,4.706,10.98,4.314,0.588,194.118,0,sandwich
McDonald’s,Premium Grilled Chicken Club Sandwich,460.0,150.0,17.0,6.0,0.0,90.0,1040.0,43.0,4.0,9.0,35.0,440.0,,0,465.0,-5.0,30.11,36.99,32.9,7.609,9.348,3.696,0.87,226.087,0,sandwich
McDonald’s,Premium Crispy Chicken Club Sandwich,620.0,260.0,29.0,7.0,0.0,70.0,1200.0,57.0,3.0,11.0,31.0,607.0,,0,613.0,7.0,20.23,37.19,42.58,5.0,9.194,4.677,0.484,193.548,0,sandwich
McDonald’s,Premium Grilled Chicken Ranch BLT Sandwich,380.0,90.0,10.0,3.0,0.0,75.0,1000.0,41.0,4.0,9.0,31.0,361.0,,0,378.0,2.0,32.8,43.39,23.81,8.158,10.789,2.632,1.053,263.158,0,sandwich
McDonald’s,Premium Crispy Chicken Ranch BLT Sandwich,540.0,210.0,23.0,4.5,0.0,55.0,1160.0,56.0,3.0,11.0,27.0,528.5,,0,539.0,1.0,20.04,41.56,38.4,5.0,10.37,4.259,0.556,214.815,0,sandwich
McDonald’s,Southern Style Crispy Chicken Sandwich,400.0,150.0,17.0,3.0,0.0,45.0,1030.0,39.0,1.0,6.0,24.0,385.0,,0,405.0,-5.0,23.7,38.52,37.78,6.0,9.75,4.25,0.25,257.5,0,sandwich
McDonald’s,Ranch Snack Wrap® (Crispy),340.0,150.0,17.0,4.5,0.0,30.0,810.0,33.0,1.0,2.0,14.0,332.5,,0,341.0,-1.0,16.42,38.71,44.87,4.118,9.706,5.0,0.294,238.235,0,wrap
McDonald’s,Ranch Snack Wrap® (Grilled),270.0,90.0,10.0,4.0,0.0,45.0,830.0,26.0,1.0,2.0,18.0,258.0,,0,266.0,4.0,27.07,39.1,33.83,6.667,9.63,3.704,0.37,307.407,0,wrap
McDonald’s,Honey Mustard Snack Wrap® (Crispy),330.0,140.0,16.0,4.5,0.0,30.0,780.0,34.0,1.0,4.0,14.0,324.5,,0,336.0,-6.0,16.67,40.48,42.86,4.242,10.303,4.848,0.303,236.364,0,wrap
McDonald’s,Honey Mustard Snack Wrap® (Grilled),260.0,80.0,9.0,3.5,0.0,45.0,800.0,27.0,1.0,4.0,18.0,249.5,,0,261.0,-1.0,27.59,41.38,31.03,6.923,10.385,3.462,0.385,307.692,0,wrap
McDonald’s,Chipotle BBQ Snack Wrap® (Crispy),330.0,140.0,15.0,4.5,0.0,30.0,810.0,35.0,1.0,4.0,14.0,324.5,,0,331.0,-1.0,16.92,42.3,40.79,4.242,10.606,4.545,0.303,245.455,0,wrap
McDonald’s,Chipotle BBQ Snack Wrap® (Grilled),260.0,80.0,9.0,3.5,0.0,45.0,830.0,28.0,1.0,5.0,18.0,250.5,,0,265.0,-5.0,27.17,42.26,30.57,6.923,10.769,3.462,0.385,319.231,0,wrap
McDonald’s,Angus Bacon & Cheese Snack Wrap,390.0,190.0,21.0,9.0,1.0,75.0,1080.0,28.0,1.0,4.0,21.0,382.0,,0,385.0,5.0,21.82,29.09,49.09,5.385,7.179,5.385,0.256,276.923,0,wrap
McDonald’s,Angus Chipotle BBQ Bacon,800.0,350.0,39.0,18.0,2.0,145.0,2020.0,66.0,4.0,16.0,45.0,789.0,,0,795.0,5.0,22.64,33.21,44.15,5.625,8.25,4.875,0.5,252.5,0,other
McDonald’s,Angus Chipotle BBQ Bacon Snack Wrap,400.0,190.0,22.0,10.0,1.0,75.0,1060.0,30.0,1.0,6.0,21.0,395.0,,0,402.0,-2.0,20.9,29.85,49.25,5.25,7.5,5.5,0.25,265.0,0,wrap
McDonald’s,Angus Deluxe Snack Wrap,410.0,220.0,25.0,10.0,1.5,75.0,990.0,27.0,2.0,3.0,20.0,403.0,,0,413.0,-3.0,19.37,26.15,54.48,4.878,6.585,6.098,0.488,241.463,0,wrap
McDonald’s,Angus Mushroom & Swiss Snack Wrap,430.0,230.0,26.0,10.0,1.5,75.0,730.0,27.0,2.0,2.0,22.0,420.0,,0,430.0,0.0,20.47,25.12,54.42,5.116,6.279,6.047,0.465,169.767,0,wrap
McDonald’s,Mac Snack Wrap,330.0,170.0,19.0,7.0,1.0,45.0,690.0,26.0,1.0,3.0,15.0,325.0,,0,335.0,-5.0,17.91,31.04,51.04,4.545,7.879,5.758,0.303,209.091,0,wrap
McDonald’s,Small French Fries,230.0,100.0,11.0,1.5,0.0,0.0,160.0,29.0,3.0,0.0,3.0,228.5,,0,227.0,3.0,5.29,51.1,43.61,1.304,12.609,4.783,1.304,69.565,1,sides
McDonald’s,Medium French Fries,380.0,170.0,19.0,2.5,0.0,0.0,270.0,48.0,5.0,0.0,4.0,378.5,,0,379.0,1.0,4.22,50.66,45.12,1.053,12.632,5.0,1.316,71.053,1,sides
McDonald’s,Large French Fries,500.0,220.0,25.0,3.5,0.0,0.0,350.0,63.0,6.0,0.0,6.0,497.5,,0,501.0,-1.0,4.79,50.3,44.91,1.2,12.6,5.0,1.2,70.0,0,sides
McDonald’s,Ketchup Packet,15.0,0.0,0.0,0.0,0.0,0.0,110.0,3.0,0.0,2.0,0.0,17.0,,0,12.0,3.0,0.0,100.0,0.0,0.0,20.0,0.0,0.0,733.333,1,other
McDonald’s,Salt Packet,0.0,0.0,0.0,0.0,0.0,0.0,270.0,0.0,0.0,0.0,0.0,0.0,,0,0.0,0.0,,,,,,,,,1,other
McDonald’s,Chicken McNuggets® (4 piece),190.0,110.0,12.0,2.0,0.0,25.0,360.0,12.0,1.0,0.0,9.0,183.0,,0,192.0,-2.0,18.75,25.0,56.25,4.737,6.316,6.316,0.526,189.474,1,chicken
McDonald’s,Chicken McNuggets® (6 piece),280.0,160.0,18.0,3.0,0.0,40.0,540.0,18.0,1.0,0.0,13.0,270.0,,0,286.0,-6.0,18.18,25.17,56.64,4.643,6.429,6.429,0.357,192.857,1,chicken
McDonald’s,Chicken McNuggets® (10 piece),470.0,270.0,30.0,5.0,0.0,65.0,900.0,30.0,2.0,0.0,22.0,453.0,,0,478.0,-8.0,18.41,25.1,56.49,4.681,6.383,6.383,0.426,191.489,0,chicken
McDonald’s,Barbeque Sauce,50.0,0.0,0.0,0.0,0.0,0.0,260.0,12.0,0.0,10.0,0.0,60.0,,0,48.0,2.0,0.0,100.0,0.0,0.0,24.0,0.0,0.0,520.0,1,other
McDonald’s,Honey,50.0,0.0,0.0,0.0,0.0,0.0,0.0,12.0,0.0,11.0,0.0,61.0,,0,48.0,2.0,0.0,100.0,0.0,0.0,24.0,0.0,0.0,0.0,1,other
McDonald’s,Hot Mustard Sauce,60.0,20.0,2.5,0.0,0.0,5.0,250.0,9.0,2.0,6.0,1.0,65.0,,0,62.5,-2.5,6.4,57.6,36.0,1.667,15.0,4.167,3.333,416.667,1,other
McDonald’s,Sweet ‘N Sour Sauce,50.0,0.0,0.0,0.0,0.0,0.0,150.0,12.0,0.0,10.0,0.0,60.0,,0,48.0,2.0,0.0,100.0,0.0,0.0,24.0,0.0,0.0,300.0,1,other
McDonald’s,Chicken Selects® Premium Breast Strips (3 pc),400.0,210.0,24.0,3.5,0.0,50.0,1010.0,23.0,0.0,0.0,23.0,380.5,,0,400.0,0.0,23.0,23.0,54.0,5.75,5.75,6.0,0.0,252.5,0,chicken
McDonald’s,Chicken Selects® Premium Breast Strips (5 pc),660.0,360.0,40.0,6.0,0.0,85.0,1680.0,39.0,0.0,0.0,38.0,628.0,,0,668.0,-8.0,22.75,23.35,53.89,5.758,5.909,6.061,0.0,254.545,0,chicken
McDonald’s,Spicy Buffalo Sauce,60.0,50.0,6.0,1.0,0.0,0.0,800.0,1.0,1.0,0.0,0.0,61.0,,0,58.0,2.0,0.0,6.9,93.1,0.0,1.667,10.0,1.667,1333.333,0,other
McDonald’s,Creamy Ranch Sauce,170.0,160.0,18.0,3.0,0.0,10.0,270.0,2.0,0.0,1.0,0.0,174.0,,0,170.0,0.0,0.0,4.71,95.29,0.0,1.176,10.588,0.0,158.824,1,other
McDonald’s,Tangy Honey Mustard Sauce,60.0,20.0,2.0,0.0,0.0,5.0,140.0,10.0,0.0,8.0,0.0,68.0,,0,58.0,2.0,0.0,68.97,31.03,0.0,16.667,3.333,0.0,233.333,1,other
McDonald’s,Southwestern Chipotle Barbeque Sauce,60.0,0.0,0.0,0.0,0.0,0.0,210.0,15.0,1.0,11.0,0.0,71.0,,0,60.0,0.0,0.0,100.0,0.0,0.0,25.0,0.0,1.667,350.0,1,other
McDonald’s,Premium Southwest Salad with Grilled Chicken,320.0,80.0,9.0,3.0,0.0,70.0,960.0,30.0,6.0,11.0,30.0,304.0,,0,321.0,-1.0,37.38,37.38,25.23,9.375,9.375,2.812,1.875,300.0,0,salad
McDonald’s,Premium Southwest Salad with Crispy Chicken,430.0,180.0,20.0,4.0,0.0,55.0,920.0,38.0,6.0,12.0,26.0,420.0,,0,436.0,-6.0,23.85,34.86,41.28,6.047,8.837,4.651,1.395,213.953,0,salad
McDonald’s,Premium Southwest Salad (without chicken),140.0,40.0,4.5,2.0,0.0,10.0,150.0,20.0,6.0,6.0,6.0,142.0,,0,144.5,-4.5,16.61,55.36,28.03,4.286,14.286,3.214,4.286,107.143,1,salad
McDonald’s,Premium Bacon Ranch Salad with Grilled Chicken,260.0,90.0,9.0,4.0,0.0,90.0,1010.0,12.0,3.0,5.0,33.0,236.0,,0,261.0,-1.0,50.57,18.39,31.03,12.692,4.615,3.462,1.154,388.462,0,salad
McDonald’s,Premium Bacon Ranch Salad with Crispy Chicken,370.0,180.0,20.0,6.0,0.0,75.0,970.0,20.0,3.0,6.0,29.0,353.0,,0,376.0,-6.0,30.85,21.28,47.87,7.838,5.405,5.405,0.811,262.162,0,salad
McDonald’s,Premium Bacon Ranch Salad (without chicken),140.0,70.0,7.0,3.5,0.0,25.0,300.0,10.0,3.0,4.0,9.0,138.5,,0,139.0,1.0,25.9,28.78,45.32,6.429,7.143,5.0,2.143,214.286,1,salad
McDonald’s,Premium Caesar Salad with Grilled Chicken,220.0,60.0,6.0,3.0,0.0,75.0,890.0,12.0,3.0,5.0,30.0,198.0,,0,222.0,-2.0,54.05,21.62,24.32,13.636,5.455,2.727,1.364,404.545,0,salad
McDonald’s,Premium Caesar Salad with Crispy Chicken,330.0,150.0,17.0,4.5,0.0,60.0,840.0,20.0,3.0,6.0,26.0,314.5,,0,337.0,-7.0,30.86,23.74,45.4,7.879,6.061,5.152,0.909,254.545,0,salad
McDonald’s,Premium Caesar Salad (without chicken),90.0,35.0,4.0,2.5,0.0,10.0,180.0,9.0,3.0,4.0,7.0,89.5,,0,100.0,-10.0,28.0,36.0,36.0,7.778,10.0,4.444,3.333,200.0,1,salad
McDonald’s,Side Salad,20.0,0.0,0.0,0.0,0.0,0.0,10.0,4.0,1.0,2.0,1.0,21.0,,0,20.0,0.0,20.0,80.0,0.0,5.0,20.0,0.0,5.0,50.0,1,salad
McDonald’s,Butter Garlic Croutons,60.0,15.0,1.5,0.0,0.0,0.0,140.0,10.0,1.0,0.0,2.0,58.0,,0,61.5,-1.5,13.01,65.04,21.95,3.333,16.667,2.5,1.667,233.333,1,other
McDonald’s,Snack Size Fruit & Walnut Salad,210.0,70.0,8.0,1.5,0.0,5.0,60.0,31.0,2.0,25.0,4.0,232.5,,0,212.0,-2.0,7.55,58.49,33.96,1.905,14.762,3.81,0.952,28.571,1,salad
McDonald’s,Newman’s Own® Creamy Southwest Dressing,100.0,50.0,6.0,1.0,0.0,20.0,340.0,11.0,0.0,3.0,1.0,103.0,,0,102.0,-2.0,3.92,43.14,52.94,1.0,11.0,6.0,0.0,340.0,1,other
McDonald’s,Newman’s Own® Creamy Caesar Dressing,190.0,170.0,18.0,3.5,0.0,20.0,500.0,4.0,0.0,2.0,2.0,193.5,,0,186.0,4.0,4.3,8.6,87.1,1.053,2.105,9.474,0.0,263.158,1,other
McDonald’s,Newman’s Own® Low Fat Balsamic Vinaigrette,40.0,25.0,3.0,0.0,0.0,0.0,730.0,4.0,0.0,3.0,0.0,43.0,,0,43.0,-3.0,0.0,37.21,62.79,0.0,10.0,7.5,0.0,1825.0,0,other
McDonald’s,Newman’s Own® Low Fat Family Recipe Italian Dressing,60.0,20.0,2.5,0.0,0.0,0.0,730.0,8.0,0.0,1.0,1.0,60.0,,0,58.5,1.5,6.84,54.7,38.46,1.667,13.333,4.167,0.0,1216.667,0,other
McDonald’s,Newman’s Own® Ranch Dressing,170.0,130.0,15.0,2.5,0.0,20.0,530.0,9.0,0.0,4.0,1.0,175.5,,0,175.0,-5.0,2.29,20.57,77.14,0.588,5.294,8.824,0.0,311.765,1,other
McDonald’s,Egg McMuffin®,300.0,110.0,12.0,5.0,0.0,260.0,820.0,30.0,2.0,3.0,18.0,290.0,,0,300.0,0.0,24.0,40.0,36.0,6.0,10.0,4.0,0.667,273.333,0,other
McDonald’s,Sausage McMuffin®,370.0,200.0,22.0,8.0,0.0,45.0,850.0,29.0,2.0,2.0,14.0,366.0,,0,370.0,0.0,15.14,31.35,53.51,3.784,7.838,5.946,0.541,229.73,0,other
McDonald’s,Sausage McMuffin® with Egg,450.0,250.0,27.0,10.0,0.0,285.0,920.0,30.0,2.0,2.0,21.0,441.0,,0,447.0,3.0,18.79,26.85,54.36,4.667,6.667,6.0,0.444,204.444,0,other
McDonald’s,English Muffin,160.0,30.0,3.0,0.5,0.0,0.0,280.0,27.0,2.0,2.0,5.0,157.5,,0,155.0,5.0,12.9,69.68,17.42,3.125,16.875,1.875,1.25,175.0,1,other
McDonald’s,"Bacon, Egg & Cheese Biscuit (Regular Size Biscuit)",420.0,210.0,23.0,12.0,0.0,235.0,1160.0,37.0,2.0,3.0,15.0,420.0,,0,415.0,5.0,14.46,35.66,49.88,3.571,8.81,5.476,0.476,276.19,0,other
McDonald’s,"Bacon, Egg & Cheese Biscuit (Large Size Biscuit)",480.0,240.0,27.0,12.0,0.0,235.0,1270.0,43.0,3.0,4.0,15.0,481.0,,0,475.0,5.0,12.63,36.21,51.16,3.125,8.958,5.625,0.625,264.583,0,other
McDonald’s,Sausage Biscuit with Egg (Regular Size Biscuit),510.0,290.0,33.0,14.0,0.0,250.0,1170.0,36.0,2.0,2.0,18.0,508.0,,0,513.0,-3.0,14.04,28.07,57.89,3.529,7.059,6.471,0.392,229.412,0,other
McDonald’s,Sausage Biscuit with Egg (Large Size Biscuit),570.0,330.0,37.0,15.0,0.0,250.0,1280.0,42.0,3.0,3.0,18.0,570.0,,0,573.0,-3.0,12.57,29.32,58.12,3.158,7.368,6.491,0.526,224.561,0,other
McDonald’s,Sausage Biscuit (Regular Size Biscuit),430.0,240.0,27.0,12.0,0.0,30.0,1080.0,34.0,2.0,2.0,11.0,433.0,,0,423.0,7.0,10.4,32.15,57.45,2.558,7.907,6.279,0.465,251.163,0,other
McDonald’s,Sausage Biscuit (Large Size Biscuit),480.0,280.0,31.0,13.0,0.0,30.0,1190.0,39.0,3.0,3.0,11.0,485.0,,0,479.0,1.0,9.19,32.57,58.25,2.292,8.125,6.458,0.625,247.917,0,other
McDonald’s,Southern Style Chicken Biscuit (Regular Size Biscuit),410.0,180.0,20.0,8.0,0.0,30.0,1180.0,41.0,2.0,3.0,17.0,404.0,,0,412.0,-2.0,16.5,39.81,43.69,4.146,10.0,4.878,0.488,287.805,0,chicken
McDonald’s,Southern Style Chicken Biscuit (Large Size Biscuit),470.0,220.0,24.0,9.0,0.0,30.0,1290.0,46.0,3.0,4.0,17.0,466.0,,0,468.0,2.0,14.53,39.32,46.15,3.617,9.787,5.106,0.638,274.468,0,chicken
McDonald’s,"Steak, Egg & Cheese Bagel",660.0,300.0,33.0,12.0,1.0,300.0,1580.0,56.0,3.0,7.0,33.0,646.0,,0,653.0,7.0,20.21,34.3,45.48,5.0,8.485,5.0,0.455,239.394,0,beverage
McDonald’s,"Bacon, Egg & Cheese McGriddles®",420.0,160.0,18.0,8.0,0.0,240.0,1110.0,48.0,2.0,15.0,15.0,428.0,,0,414.0,6.0,14.49,46.38,39.13,3.571,11.429,4.286,0.476,264.286,0,other
McDonald’s,"Sausage, Egg & Cheese McGriddles®",560.0,290.0,32.0,12.0,0.0,265.0,1360.0,48.0,2.0,15.0,20.0,567.0,,0,560.0,0.0,14.29,34.29,51.43,3.571,8.571,5.714,0.357,242.857,0,other
McDonald’s,Sausage McGriddles®,420.0,200.0,22.0,8.0,0.0,35.0,1030.0,44.0,2.0,15.0,11.0,432.0,,0,418.0,2.0,10.53,42.11,47.37,2.619,10.476,5.238,0.476,245.238,0,other
McDonald’s,Big Breakfast® (Regular Size Biscuit),740.0,430.0,48.0,17.0,0.0,555.0,1560.0,51.0,3.0,3.0,28.0,732.0,,0,748.0,-8.0,14.97,27.27,57.75,3.784,6.892,6.486,0.405,210.811,0,other
McDonald’s,Big Breakfast® (Large Size Biscuit),800.0,470.0,52.0,18.0,0.0,555.0,1680.0,56.0,4.0,3.0,28.0,793.0,,0,804.0,-4.0,13.93,27.86,58.21,3.5,7.0,6.5,0.5,210.0,0,other
McDonald’s,Big Breakfast with Hotcakes (Regular Size Biscuit),1090.0,510.0,56.0,19.0,0.0,575.0,2150.0,111.0,6.0,17.0,36.0,1090.0,,0,1092.0,-2.0,13.19,40.66,46.15,3.303,10.183,5.138,0.55,197.248,0,other
McDonald’s,Big Breakfast with Hotcakes (Large Size Biscuit),1150.0,540.0,60.0,20.0,0.0,575.0,2260.0,116.0,7.0,17.0,36.0,1151.0,,0,1148.0,2.0,12.54,40.42,47.04,3.13,10.087,5.217,0.609,196.522,0,other
McDonald’s,Sausage Burrito,300.0,140.0,16.0,7.0,0.0,115.0,830.0,26.0,1.0,2.0,12.0,297.0,,0,296.0,4.0,16.22,35.14,48.65,4.0,8.667,5.333,0.333,276.667,0,other
McDonald’s,McSkillet™ Burrito with Sausage,610.0,320.0,36.0,14.0,0.5,410.0,1390.0,44.0,3.0,4.0,27.0,601.0,,0,608.0,2.0,17.76,28.95,53.29,4.426,7.213,5.902,0.492,227.869,0,other
McDonald’s,Hotcakes,350.0,80.0,9.0,2.0,0.0,20.0,590.0,60.0,3.0,14.0,8.0,358.0,,0,353.0,-3.0,9.07,67.99,22.95,2.286,17.143,2.571,0.857,168.571,1,other
McDonald’s,Hotcakes and Sausage,520.0,210.0,24.0,7.0,0.0,50.0,930.0,61.0,3.0,14.0,15.0,526.0,,0,520.0,0.0,11.54,46.92,41.54,2.885,11.731,4.615,0.577,178.846,0,other
McDonald’s,Hotcake Syrup,180.0,0.0,0.0,0.0,0.0,0.0,20.0,45.0,0.0,32.0,0.0,212.0,,0,180.0,0.0,0.0,100.0,0.0,0.0,25.0,0.0,0.0,11.111,1,other
McDonald’s,Whipped Margarine (1 pat),40.0,40.0,4.5,1.5,0.0,0.0,55.0,0.0,0.0,0.0,0.0,41.5,,0,40.5,-0.5,0.0,0.0,100.0,0.0,0.0,11.25,0.0,137.5,1,other
McDonald’s,Hash Brown,150.0,80.0,9.0,1.5,0.0,0.0,310.0,15.0,2.0,0.0,1.0,150.5,,0,145.0,5.0,2.76,41.38,55.86,0.667,10.0,6.0,1.333,206.667,1,other
McDonald’s,Grape Jam,35.0,0.0,0.0,0.0,0.0,0.0,0.0,9.0,0.0,9.0,0.0,44.0,,0,36.0,-1.0,0.0,100.0,0.0,0.0,25.714,0.0,0.0,0.0,1,other
McDonald’s,Strawberry Preserves,35.0,0.0,0.0,0.0,0.0,0.0,0.0,9.0,0.0,9.0,0.0,44.0,,0,36.0,-1.0,0.0,100.0,0.0,0.0,25.714,0.0,0.0,0.0,1,other
McDonald’s,"Bacon, Egg & Cheese Bagel",560.0,240.0,27.0,9.0,0.5,260.0,1300.0,56.0,3.0,7.0,24.0,552.0,,0,563.0,-3.0,17.05,39.79,43.16,4.286,10.0,4.821,0.536,232.143,0,other
McDonald’s,Fruit & Maple Oatmeal,290.0,40.0,4.5,2.0,0.0,10.0,160.0,57.0,5.0,32.0,5.0,319.0,,0,288.5,1.5,6.93,79.03,14.04,1.724,19.655,1.552,1.724,55.172,1,other
McDonald’s,Fruit & Maple Oatmeal without Brown Sugar,260.0,40.0,4.5,2.0,0.0,10.0,115.0,48.0,5.0,18.0,5.0,275.0,,0,252.5,7.5,7.92,76.04,16.04,1.923,18.462,1.731,1.923,44.231,1,other
McDonald’s,Hamburger Happy Meal,475.0,80.0,16.0,5.5,0.0,40.0,690.0,62.0,2.0,20.0,22.0,276.0,,0,480.0,-5.0,18.33,51.67,30.0,4.632,13.053,3.368,0.421,145.263,0,burger
McDonald’s,4 Piece Chicken McNuggets Happy Meal,395.0,80.0,17.0,3.5,0.0,35.0,510.0,41.0,1.0,14.0,19.0,276.0,,0,393.0,2.0,19.34,41.73,38.93,4.81,10.38,4.304,0.253,129.114,1,chicken
McDonald’s,6 Piece Chicken McNuggets® Happy Meal,475.0,80.0,22.0,4.5,0.0,50.0,680.0,46.0,2.0,14.0,24.0,276.0,,0,478.0,-3.0,20.08,38.49,41.42,5.053,9.684,4.632,0.421,143.158,0,chicken
McDonald’s,Fruit ‘n Yogurt Parfait (7 oz),160.0,20.0,2.0,1.0,0.0,5.0,85.0,31.0,1.0,21.0,4.0,178.0,,0,158.0,2.0,10.13,78.48,11.39,2.5,19.375,1.25,0.625,53.125,1,other
McDonald’s,Low Fat Caramel Dip,70.0,5.0,0.5,0.0,0.0,5.0,35.0,15.0,0.0,9.0,0.0,79.0,,0,64.5,5.5,0.0,93.02,6.98,0.0,21.429,0.714,0.0,50.0,1,other
McDonald’s,Vanilla Reduced Fat Ice Cream Cone,150.0,35.0,3.5,2.0,0.0,15.0,60.0,24.0,0.0,18.0,4.0,166.0,,0,143.5,6.5,11.15,66.9,21.95,2.667,16.0,2.333,0.0,40.0,1,dessert
McDonald’s,Kiddie Cone,45.0,10.0,1.0,0.5,0.0,5.0,20.0,8.0,0.0,6.0,1.0,50.5,,0,45.0,0.0,8.89,71.11,20.0,2.222,17.778,2.222,0.0,44.444,1,other
McDonald’s,Strawberry Sundae,280.0,60.0,6.0,4.0,0.0,25.0,95.0,49.0,1.0,45.0,6.0,323.0,,0,274.0,6.0,8.76,71.53,19.71,2.143,17.5,2.143,0.357,33.929,1,dessert
McDonald’s,Hot Caramel Sundae,340.0,70.0,8.0,5.0,0.0,30.0,160.0,60.0,1.0,44.0,7.0,382.0,,0,340.0,0.0,8.24,70.59,21.18,2.059,17.647,2.353,0.294,47.059,1,dessert
McDonald’s,Hot Fudge Sundae,330.0,90.0,10.0,7.0,0.0,25.0,180.0,54.0,2.0,48.0,8.0,377.0,,0,338.0,-8.0,9.47,63.91,26.63,2.424,16.364,3.03,0.606,54.545,0,dessert
McDonald’s,Peanuts (for Sundaes),45.0,30.0,3.5,0.5,0.0,0.0,0.0,2.0,1.0,0.0,2.0,43.5,,0,47.5,-2.5,16.84,16.84,66.32,4.444,4.444,7.778,2.222,0.0,1,dessert
McDonald’s,McFlurry® with M&M’S® Candies (12 fl oz cup),710.0,230.0,25.0,16.0,1.0,60.0,220.0,105.0,4.0,97.0,15.0,808.0,,0,705.0,5.0,8.51,59.57,31.91,2.113,14.789,3.521,0.563,30.986,0,other
McDonald’s,McFlurry® with OREO® Cookies (12 fl oz cup),580.0,170.0,19.0,10.0,1.0,50.0,320.0,89.0,3.0,73.0,13.0,650.0,,0,579.0,1.0,8.98,61.49,29.53,2.241,15.345,3.276,0.517,55.172,0,other
McDonald’s,Baked Hot Apple Pie,250.0,110.0,13.0,7.0,0.0,0.0,170.0,32.0,4.0,13.0,2.0,268.0,,0,253.0,-3.0,3.16,50.59,46.25,0.8,12.8,5.2,1.6,68.0,0,other
McDonald’s,Cinnamon Melts,460.0,170.0,19.0,9.0,0.0,15.0,370.0,66.0,3.0,32.0,6.0,495.0,,0,459.0,1.0,5.23,57.52,37.25,1.304,14.348,4.13,0.652,80.435,0,other
McDonald’s,McDonaldland® Cookies,260.0,70.0,8.0,2.5,0.0,0.0,300.0,43.0,1.0,13.0,4.0,271.5,,0,260.0,0.0,6.15,66.15,27.69,1.538,16.538,3.077,0.385,115.385,1,other
McDonald’s,Chocolate Chip Cookie,160.0,70.0,8.0,3.5,0.0,10.0,90.0,21.0,1.0,15.0,2.0,176.5,,0,164.0,-4.0,4.88,51.22,43.9,1.25,13.125,5.0,0.625,56.25,1,beverage
McDonald’s,Oatmeal Raisin Cookie,150.0,50.0,6.0,2.5,0.0,10.0,135.0,22.0,1.0,13.0,2.0,163.5,,0,150.0,0.0,5.33,58.67,36.0,1.333,14.667,4.0,0.667,90.0,1,other
McDonald’s,Sugar Cookie,160.0,60.0,7.0,3.0,0.0,5.0,120.0,21.0,0.0,11.0,2.0,172.0,,0,155.0,5.0,5.16,54.19,40.65,1.25,13.125,4.375,0.0,75.0,1,other
McDonald’s,Apple Dippers with Low Fat Caramel Dip,100.0,5.0,0.5,0.0,0.0,5.0,35.0,23.0,0.0,15.0,0.0,115.0,,0,96.5,3.5,0.0,95.34,4.66,0.0,23.0,0.5,0.0,35.0,1,other
McDonald’s,Chocolate McCafé® Shake (12 fl oz cup),580.0,150.0,17.0,10.0,1.0,50.0,240.0,94.0,1.0,77.0,11.0,656.0,,0,573.0,7.0,7.68,65.62,26.7,1.897,16.207,2.931,0.172,41.379,0,beverage
McDonald’s,Chocolate McCafé® Shake (16 fl oz cup),720.0,180.0,20.0,12.0,1.0,60.0,300.0,119.0,1.0,98.0,15.0,815.0,,0,716.0,4.0,8.38,66.48,25.14,2.083,16.528,2.778,0.139,41.667,0,beverage
McDonald’s,Chocolate McCafé® Shake (22 fl oz cup),880.0,220.0,24.0,15.0,1.5,75.0,370.0,147.0,1.0,121.0,18.0,998.0,,0,876.0,4.0,8.22,67.12,24.66,2.045,16.705,2.727,0.114,42.045,0,beverage
McDonald’s,Chocolate Triple Thick® Shake (12 fl oz cup),440.0,90.0,10.0,6.0,0.5,40.0,190.0,76.0,1.0,63.0,10.0,499.0,,0,434.0,6.0,9.22,70.05,20.74,2.273,17.273,2.273,0.227,43.182,0,beverage
McDonald’s,Chocolate Triple Thick® Shake (16 fl oz cup),580.0,120.0,14.0,8.0,1.0,50.0,250.0,102.0,1.0,84.0,13.0,659.0,,0,586.0,-6.0,8.87,69.62,21.5,2.241,17.586,2.414,0.172,43.103,0,beverage
McDonald’s,Chocolate Triple Thick® Shake (21 fl oz cup),770.0,160.0,18.0,11.0,1.0,70.0,330.0,134.0,1.0,111.0,18.0,874.0,,0,770.0,0.0,9.35,69.61,21.04,2.338,17.403,2.338,0.13,42.857,0,beverage
McDonald’s,Chocolate Triple Thick® Shake (32 fl oz cup),1160.0,240.0,27.0,16.0,2.0,100.0,510.0,203.0,2.0,168.0,27.0,1317.0,,0,1163.0,-3.0,9.29,69.82,20.89,2.328,17.5,2.328,0.172,43.966,0,beverage
McDonald’s,Snack Size McFlurry® with M&M’S® Candies,430.0,140.0,16.0,10.0,0.5,35.0,130.0,64.0,2.0,59.0,9.0,490.0,,0,436.0,-6.0,8.26,58.72,33.03,2.093,14.884,3.721,0.465,30.233,0,other
McDonald’s,Snack Size McFlurry® with OREO® Cookies,340.0,100.0,12.0,6.0,0.0,30.0,200.0,53.0,2.0,43.0,8.0,381.0,,0,352.0,-12.0,9.09,60.23,30.68,2.353,15.588,3.529,0.588,58.824,0,other
McDonald’s,Strawberry McCafé® Shake (12 fl oz cup),570.0,150.0,17.0,10.0,1.0,50.0,170.0,92.0,0.0,79.0,11.0,648.0,,0,565.0,5.0,7.79,65.13,27.08,1.93,16.14,2.982,0.0,29.825,0,beverage
McDonald’s,Strawberry McCafé® Shake (16 fl oz cup),710.0,180.0,20.0,12.0,1.0,65.0,210.0,116.0,0.0,100.0,14.0,808.0,,0,700.0,10.0,8.0,66.29,25.71,1.972,16.338,2.817,0.0,29.577,0,beverage
McDonald’s,Strawberry McCafé® Shake (22 fl oz cup),860.0,220.0,24.0,15.0,1.5,75.0,260.0,144.0,0.0,124.0,18.0,981.0,,0,864.0,-4.0,8.33,66.67,25.0,2.093,16.744,2.791,0.0,30.233,0,beverage
McDonald’s,Strawberry Triple Thick® Shake (12 fl oz cup),420.0,90.0,10.0,6.0,0.5,40.0,130.0,73.0,0.0,63.0,10.0,479.0,,0,422.0,-2.0,9.48,69.19,21.33,2.381,17.381,2.381,0.0,30.952,0,beverage
McDonald’s,Strawberry Triple Thick® Shake (16 fl oz cup),560.0,120.0,13.0,8.0,1.0,50.0,170.0,97.0,0.0,84.0,13.0,639.0,,0,557.0,3.0,9.34,69.66,21.01,2.321,17.321,2.321,0.0,30.357,0,beverage
McDonald’s,Strawberry Triple Thick® Shake (21 fl oz cup),740.0,160.0,18.0,11.0,1.0,70.0,230.0,128.0,0.0,111.0,17.0,845.0,,0,742.0,-2.0,9.16,69.0,21.83,2.297,17.297,2.432,0.0,31.081,0,beverage
McDonald’s,Strawberry Triple Thick® Shake (32 fl oz cup),1110.0,240.0,26.0,16.0,2.0,100.0,350.0,194.0,0.0,168.0,25.0,1269.0,,0,1110.0,0.0,9.01,69.91,21.08,2.252,17.477,2.342,0.0,31.532,0,beverage
McDonald’s,Vanilla McCafé® Shake (12 fl oz cup),540.0,150.0,16.0,10.0,1.0,45.0,170.0,88.0,0.0,64.0,10.0,604.0,,0,536.0,4.0,7.46,65.67,26.87,1.852,16.296,2.963,0.0,31.481,0,beverage
McDonald’s,Vanilla McCafé® Shake (16 fl oz cup),680.0,180.0,20.0,12.0,1.0,60.0,220.0,111.0,0.0,82.0,14.0,760.0,,0,680.0,0.0,8.24,65.29,26.47,2.059,16.324,2.941,0.0,32.353,0,beverage
McDonald’s,Vanilla McCafé® Shake (22 fl oz cup),830.0,210.0,24.0,14.0,1.5,75.0,270.0,138.0,0.0,103.0,17.0,930.0,,0,836.0,-6.0,8.13,66.03,25.84,2.048,16.627,2.892,0.0,32.53,0,beverage
McDonald’s,Vanilla Triple Thick Shake® (32 fl oz cup),1110.0,240.0,26.0,16.0,2.0,100.0,370.0,193.0,0.0,145.0,25.0,1246.0,,0,1106.0,4.0,9.04,69.8,21.16,2.252,17.387,2.342,0.0,33.333,0,beverage
McDonald’s,Vanilla Triple Thick® Shake (12 fl oz cup),420.0,90.0,10.0,6.0,0.5,40.0,140.0,72.0,0.0,54.0,9.0,471.0,,0,414.0,6.0,8.7,69.57,21.74,2.143,17.143,2.381,0.0,33.333,0,beverage
McDonald’s,Vanilla Triple Thick® Shake (16 fl oz cup),550.0,120.0,13.0,8.0,1.0,50.0,190.0,96.0,0.0,72.0,13.0,617.0,,0,553.0,-3.0,9.4,69.44,21.16,2.364,17.455,2.364,0.0,34.545,0,beverage
McDonald’s,Vanilla Triple Thick® Shake (21 fl oz cup),740.0,160.0,18.0,11.0,1.0,70.0,250.0,128.0,0.0,96.0,17.0,830.0,,0,742.0,-2.0,9.16,69.0,21.83,2.297,17.297,2.432,0.0,33.784,0,beverage
McDonald’s,1% Low Fat Milk Jug,100.0,20.0,2.5,1.5,0.0,10.0,125.0,12.0,0.0,12.0,8.0,105.5,,0,102.5,-2.5,31.22,46.83,21.95,8.0,12.0,2.5,0.0,125.0,1,other
McDonald’s,1% Low Fat Chocolate Milk Jug,170.0,25.0,3.0,1.5,0.0,5.0,150.0,26.0,1.0,25.0,9.0,187.5,,0,167.0,3.0,21.56,62.28,16.17,5.294,15.294,1.765,0.588,88.235,1,beverage
McDonald’s,Minute Maid® 100% Apple Juice Box,100.0,0.0,0.0,0.0,0.0,0.0,15.0,23.0,0.0,22.0,0.0,122.0,,0,92.0,8.0,0.0,100.0,0.0,0.0,23.0,0.0,0.0,15.0,1,other
McDonald’s,Minute Maid® Orange Juice (Small),150.0,0.0,0.0,0.0,0.0,0.0,0.0,30.0,0.0,30.0,2.0,178.0,,0,128.0,22.0,6.25,93.75,0.0,1.333,20.0,0.0,0.0,0.0,1,other
McDonald’s,Minute Maid® Orange Juice (Medium),190.0,0.0,0.0,0.0,0.0,0.0,0.0,39.0,0.0,39.0,3.0,226.0,,0,168.0,22.0,7.14,92.86,0.0,1.579,20.526,0.0,0.0,0.0,1,other
McDonald’s,Minute Maid® Orange Juice (Large),280.0,0.0,0.0,0.0,0.0,0.0,5.0,58.0,0.0,58.0,4.0,334.0,,0,248.0,32.0,6.45,93.55,0.0,1.429,20.714,0.0,0.0,1.786,1,other
McDonald’s,Coca-Cola® Classic (Child),110.0,0.0,0.0,0.0,0.0,0.0,5.0,29.0,0.0,29.0,0.0,139.0,,0,116.0,-6.0,0.0,100.0,0.0,0.0,26.364,0.0,0.0,4.545,1,beverage
McDonald’s,Coca-Cola® Classic (Small),150.0,0.0,0.0,0.0,0.0,0.0,10.0,40.0,0.0,40.0,0.0,190.0,,0,160.0,-10.0,0.0,100.0,0.0,0.0,26.667,0.0,0.0,6.667,1,beverage
McDonald’s,Coca-Cola® Classic (Medium),210.0,0.0,0.0,0.0,0.0,0.0,15.0,58.0,0.0,58.0,0.0,268.0,,0,232.0,-22.0,0.0,100.0,0.0,0.0,27.619,0.0,0.0,7.143,1,beverage
McDonald’s,Coca-Cola® Classic (Large),310.0,0.0,0.0,0.0,0.0,0.0,20.0,86.0,0.0,86.0,0.0,396.0,,0,344.0,-34.0,0.0,100.0,0.0,0.0,27.742,0.0,0.0,6.452,1,beverage
McDonald’s,Diet Coke® (Child),0.0,0.0,0.0,0.0,0.0,0.0,15.0,0.0,0.0,0.0,0.0,0.0,,0,0.0,0.0,,,,,,,,,1,other
McDonald’s,Diet Coke® (Small),0.0,0.0,0.0,0.0,0.0,0.0,20.0,0.0,0.0,0.0,0.0,0.0,,0,0.0,0.0,,,,,,,,,1,other
McDonald’s,Diet Coke® (Medium),0.0,0.0,0.0,0.0,0.0,0.0,30.0,0.0,0.0,0.0,0.0,0.0,,0,0.0,0.0,,,,,,,,,1,other
McDonald’s,Diet Coke® (Large),0.0,0.0,0.0,0.0,0.0,0.0,45.0,0.0,0.0,0.0,0.0,0.0,,0,0.0,0.0,,,,,,,,,1,other
McDonald’s,Sprite® (Child),110.0,0.0,0.0,0.0,0.0,0.0,30.0,28.0,0.0,28.0,0.0,138.0,,0,112.0,-2.0,0.0,100.0,0.0,0.0,25.455,0.0,0.0,27.273,1,other
McDonald’s,Sprite® (Small),150.0,0.0,0.0,0.0,0.0,0.0,40.0,39.0,0.0,39.0,0.0,189.0,,0,156.0,-6.0,0.0,100.0,0.0,0.0,26.0,0.0,0.0,26.667,1,other
McDonald’s,Sprite® (Medium),210.0,0.0,0.0,0.0,0.0,0.0,55.0,56.0,0.0,56.0,0.0,266.0,,0,224.0,-14.0,0.0,100.0,0.0,0.0,26.667,0.0,0.0,26.19,1,other
McDonald’s,Sprite® (Large),310.0,0.0,0.0,0.0,0.0,0.0,80.0,83.0,0.0,83.0,0.0,393.0,,0,332.0,-22.0,0.0,100.0,0.0,0.0,26.774,0.0,0.0,25.806,1,other
McDonald’s,Hi-C® Orange Lavaburst (Child),120.0,0.0,0.0,0.0,0.0,0.0,0.0,32.0,0.0,32.0,0.0,152.0,,0,128.0,-8.0,0.0,100.0,0.0,0.0,26.667,0.0,0.0,0.0,1,other
McDonald’s,Hi-C® Orange Lavaburst (Small),160.0,0.0,0.0,0.0,0.0,0.0,5.0,44.0,0.0,44.0,0.0,204.0,,0,176.0,-16.0,0.0,100.0,0.0,0.0,27.5,0.0,0.0,3.125,1,other
McDonald’s,Hi-C® Orange Lavaburst (Medium),240.0,0.0,0.0,0.0,0.0,0.0,10.0,64.0,0.0,64.0,0.0,304.0,,0,256.0,-16.0,0.0,100.0,0.0,0.0,26.667,0.0,0.0,4.167,1,other
McDonald’s,Hi-C® Orange Lavaburst (Large),350.0,0.0,0.0,0.0,0.0,0.0,10.0,94.0,0.0,94.0,0.0,444.0,,0,376.0,-26.0,0.0,100.0,0.0,0.0,26.857,0.0,0.0,2.857,1,other
McDonald’s,POWERade® Mountain Blast (Child),70.0,0.0,0.0,0.0,0.0,0.0,65.0,20.0,0.0,16.0,0.0,86.0,,0,80.0,-10.0,0.0,100.0,0.0,0.0,28.571,0.0,0.0,92.857,1,other
McDonald’s,POWERade® Mountain Blast (Small),100.0,0.0,0.0,0.0,0.0,0.0,85.0,27.0,0.0,21.0,0.0,121.0,,0,108.0,-8.0,0.0,100.0,0.0,0.0,27.0,0.0,0.0,85.0,1,other
McDonald’s,POWERade® Mountain Blast (Medium),150.0,0.0,0.0,0.0,0.0,0.0,130.0,39.0,0.0,31.0,0.0,181.0,,0,156.0,-6.0,0.0,100.0,0.0,0.0,26.0,0.0,0.0,86.667,1,other
McDonald’s,POWERade® Mountain Blast (Large),220.0,0.0,0.0,0.0,0.0,0.0,190.0,58.0,0.0,46.0,0.0,266.0,,0,232.0,-12.0,0.0,100.0,0.0,0.0,26.364,0.0,0.0,86.364,1,other
McDonald’s,Iced Tea (Child),0.0,0.0,0.0,0.0,0.0,0.0,5.0,0.0,0.0,0.0,0.0,0.0,,0,0.0,0.0,,,,,,,,,1,beverage
McDonald’s,Iced Tea (Small),0.0,0.0,0.0,0.0,0.0,0.0,10.0,0.0,0.0,0.0,0.0,0.0,,0,0.0,0.0,,,,,,,,,1,beverage
McDonald’s,Iced Tea (Medium),0.0,0.0,0.0,0.0,0.0,0.0,15.0,0.0,0.0,0.0,0.0,0.0,,0,0.0,0.0,,,,,,,,,1,beverage
McDonald’s,Iced Tea (Large),0.0,0.0,0.0,0.0,0.0,0.0,20.0,1.0,0.0,0.0,0.0,0.0,,0,4.0,-4.0,0.0,100.0,0.0,,,,,,1,beverage
McDonald’s,Coffee Cream,20.0,20.0,2.0,1.5,0.0,10.0,15.0,0.0,0.0,0.0,0.0,21.5,,0,18.0,2.0,0.0,0.0,100.0,0.0,0.0,10.0,0.0,75.0,1,beverage
McDonald’s,Sugar Packet,15.0,0.0,0.0,0.0,0.0,0.0,0.0,4.0,0.0,4.0,0.0,19.0,,0,16.0,-1.0,0.0,100.0,0.0,0.0,26.667,0.0,0.0,0.0,1,other
McDonald’s,"EQUAL® 0
Calorie Sweetener",0.0,0.0,0.0,0.0,0.0,0.0,0.0,1.0,0.0,1.0,0.0,1.0,,0,4.0,-4.0,0.0,100.0,0.0,,,,,,1,other
McDonald’s,"SPLENDA® No
Calorie Sweetener",0.0,0.0,0.0,0.0,0.0,0.0,0.0,1.0,0.0,1.0,0.0,1.0,,0,4.0,-4.0,0.0,100.0,0.0,,,,,,1,other
McDonald’s,Iced Coffee– Caramel (Small),130.0,50.0,5.0,3.5,0.0,20.0,80.0,21.0,0.0,20.0,1.0,152.5,,0,133.0,-3.0,3.01,63.16,33.83,0.769,16.154,3.846,0.0,61.538,1,beverage
McDonald’s,Iced Coffee– Caramel (Medium),190.0,70.0,8.0,5.0,0.0,30.0,115.0,27.0,0.0,27.0,2.0,220.0,,0,188.0,2.0,4.26,57.45,38.3,1.053,14.211,4.211,0.0,60.526,1,beverage
McDonald’s,Iced Coffee– Caramel (Large),270.0,100.0,11.0,7.0,0.0,40.0,160.0,41.0,0.0,41.0,2.0,316.0,,0,271.0,-1.0,2.95,60.52,36.53,0.741,15.185,4.074,0.0,59.259,0,beverage
McDonald’s,Iced Coffee– Hazelnut (Small),130.0,50.0,5.0,3.5,0.0,20.0,40.0,21.0,0.0,21.0,1.0,153.5,,0,133.0,-3.0,3.01,63.16,33.83,0.769,16.154,3.846,0.0,30.769,1,beverage
McDonald’s,Iced Coffee– Hazelnut (Medium),190.0,70.0,8.0,5.0,0.0,30.0,60.0,29.0,0.0,29.0,2.0,222.0,,0,196.0,-6.0,4.08,59.18,36.73,1.053,15.263,4.211,0.0,31.579,1,beverage
McDonald’s,Iced Coffee– Hazelnut (Large),270.0,100.0,11.0,7.0,0.0,40.0,85.0,43.0,0.0,43.0,2.0,318.0,,0,279.0,-9.0,2.87,61.65,35.48,0.741,15.926,4.074,0.0,31.481,0,beverage
McDonald’s,Iced Coffee– Regular (Small),140.0,50.0,5.0,3.5,0.0,20.0,40.0,22.0,0.0,22.0,1.0,164.5,,0,137.0,3.0,2.92,64.23,32.85,0.714,15.714,3.571,0.0,28.571,1,beverage
McDonald’s,Iced Coffee– Regular (Medium),200.0,70.0,8.0,5.0,0.0,30.0,60.0,30.0,0.0,30.0,2.0,233.0,,0,200.0,0.0,4.0,60.0,36.0,1.0,15.0,4.0,0.0,30.0,1,beverage
McDonald’s,Iced Coffee– Regular (Large),280.0,100.0,11.0,7.0,0.0,40.0,85.0,45.0,0.0,45.0,2.0,330.0,,0,287.0,-7.0,2.79,62.72,34.49,0.714,16.071,3.929,0.0,30.357,0,beverage
McDonald’s,Iced Coffee– Vanilla (Small),130.0,50.0,5.0,3.5,0.0,20.0,40.0,21.0,0.0,21.0,1.0,153.5,,0,133.0,-3.0,3.01,63.16,33.83,0.769,16.154,3.846,0.0,30.769,1,beverage
McDonald’s,Iced Coffee– Vanilla (Medium),190.0,70.0,8.0,5.0,0.0,30.0,60.0,29.0,0.0,28.0,2.0,221.0,,0,196.0,-6.0,4.08,59.18,36.73,1.053,15.263,4.211,0.0,31.579,1,beverage
McDonald’s,Iced Coffee– Vanilla (Large),270.0,100.0,11.0,7.0,0.0,40.0,80.0,43.0,0.0,43.0,2.0,318.0,,0,279.0,-9.0,2.87,61.65,35.48,0.741,15.926,4.074,0.0,29.63,0,beverage
McDonald’s,Iced Coffee with Sugar Free Vanilla Syrup (Small),60.0,50.0,5.0,3.5,0.0,20.0,70.0,8.0,0.0,1.0,1.0,63.5,,0,81.0,-21.0,4.94,39.51,55.56,1.667,13.333,8.333,0.0,116.667,1,beverage
McDonald’s,Iced Coffee with Sugar Free Vanilla Syrup (Medium),90.0,70.0,8.0,5.0,0.0,30.0,100.0,11.0,0.0,2.0,2.0,95.0,,0,124.0,-34.0,6.45,35.48,58.06,2.222,12.222,8.889,0.0,111.111,1,beverage
McDonald’s,Iced Coffee with Sugar Free Vanilla Syrup (Large),120.0,100.0,11.0,7.0,0.0,40.0,140.0,16.0,0.0,2.0,2.0,127.0,,0,171.0,-51.0,4.68,37.43,57.89,1.667,13.333,9.167,0.0,116.667,0,beverage
McDonald’s,Sweet Tea (Child),110.0,0.0,0.0,0.0,0.0,0.0,5.0,27.0,0.0,27.0,0.0,137.0,,0,108.0,2.0,0.0,100.0,0.0,0.0,24.545,0.0,0.0,4.545,1,beverage
McDonald’s,Sweet Tea (Large),280.0,0.0,0.0,0.0,0.0,0.0,15.0,69.0,0.0,69.0,1.0,348.0,,0,280.0,0.0,1.43,98.57,0.0,0.357,24.643,0.0,0.0,5.357,1,beverage
McDonald’s,Sweet Tea (Medium),180.0,0.0,0.0,0.0,0.0,0.0,10.0,45.0,0.0,45.0,1.0,224.0,,0,184.0,-4.0,2.17,97.83,0.0,0.556,25.0,0.0,0.0,5.556,1,beverage
McDonald’s,Sweet Tea (Small),150.0,0.0,0.0,0.0,0.0,0.0,10.0,36.0,0.0,36.0,1.0,185.0,,0,148.0,2.0,2.7,97.3,0.0,0.667,24.0,0.0,0.0,6.667,1,beverage
McDonald’s,Nonfat Cappuccino (Small),60.0,0.0,0.0,0.0,0.0,5.0,85.0,9.0,0.0,9.0,6.0,63.0,,0,60.0,0.0,40.0,60.0,0.0,10.0,15.0,0.0,0.0,141.667,1,other
McDonald’s,Nonfat Cappuccino (Medium),80.0,0.0,0.0,0.0,0.0,5.0,110.0,12.0,0.0,12.0,8.0,84.0,,0,80.0,0.0,40.0,60.0,0.0,10.0,15.0,0.0,0.0,137.5,1,other
McDonald’s,Nonfat Cappuccino (Large),90.0,0.0,0.0,0.0,0.0,5.0,130.0,13.0,0.0,13.0,9.0,94.0,,0,88.0,2.0,40.91,59.09,0.0,10.0,14.444,0.0,0.0,144.444,1,other
McDonald’s,Nonfat Latte (Small),90.0,0.0,0.0,0.0,0.0,5.0,115.0,13.0,0.0,13.0,9.0,94.0,,0,88.0,2.0,40.91,59.09,0.0,10.0,14.444,0.0,0.0,127.778,1,other
McDonald’s,Nonfat Latte (Medium),110.0,0.0,0.0,0.0,0.0,5.0,140.0,15.0,0.0,15.0,10.0,115.0,,0,100.0,10.0,40.0,60.0,0.0,9.091,13.636,0.0,0.0,127.273,1,other
McDonald’s,Nonfat Latte (Large),120.0,0.0,0.0,0.0,0.0,5.0,160.0,18.0,0.0,18.0,12.0,126.0,,0,120.0,0.0,40.0,60.0,0.0,10.0,15.0,0.0,0.0,133.333,1,other
McDonald’s,Nonfat Caramel Cappuccino (Small),150.0,0.0,0.0,0.0,0.0,5.0,120.0,33.0,0.0,32.0,5.0,177.0,,0,152.0,-2.0,13.16,86.84,0.0,3.333,22.0,0.0,0.0,80.0,1,other
McDonald’s,Nonfat Caramel Cappuccino (Medium),190.0,0.0,0.0,0.0,0.0,5.0,150.0,41.0,0.0,41.0,6.0,225.0,,0,188.0,2.0,12.77,87.23,0.0,3.158,21.579,0.0,0.0,78.947,1,other
McDonald’s,Nonfat Caramel Cappuccino (Large),230.0,0.0,0.0,0.0,0.0,5.0,180.0,49.0,0.0,49.0,7.0,272.0,,0,224.0,6.0,12.5,87.5,0.0,3.043,21.304,0.0,0.0,78.261,1,other
McDonald’s,Nonfat Caramel Latte (Small),170.0,0.0,0.0,0.0,0.0,5.0,150.0,36.0,0.0,36.0,7.0,199.0,,0,172.0,-2.0,16.28,83.72,0.0,4.118,21.176,0.0,0.0,88.235,1,other
McDonald’s,Nonfat Caramel Latte (Medium),220.0,0.0,0.0,0.0,0.0,5.0,180.0,45.0,0.0,45.0,9.0,256.0,,0,216.0,4.0,16.67,83.33,0.0,4.091,20.455,0.0,0.0,81.818,1,other
McDonald’s,Nonfat Caramel Latte (Large),260.0,0.0,0.0,0.0,0.0,5.0,220.0,53.0,0.0,53.0,10.0,303.0,,0,252.0,8.0,15.87,84.13,0.0,3.846,20.385,0.0,0.0,84.615,1,other
McDonald’s,Nonfat Hazelnut Cappuccino (Small),150.0,0.0,0.0,0.0,0.0,5.0,70.0,34.0,0.0,34.0,5.0,179.0,,0,156.0,-6.0,12.82,87.18,0.0,3.333,22.667,0.0,0.0,46.667,1,other
McDonald’s,Nonfat Hazelnut Cappuccino (Medium),190.0,0.0,0.0,0.0,0.0,5.0,90.0,43.0,0.0,43.0,6.0,227.0,,0,196.0,-6.0,12.24,87.76,0.0,3.158,22.632,0.0,0.0,47.368,1,other
McDonald’s,Nonfat Hazelnut Cappuccino (Large),230.0,0.0,0.0,0.0,0.0,5.0,100.0,51.0,0.0,51.0,7.0,274.0,,0,232.0,-2.0,12.07,87.93,0.0,3.043,22.174,0.0,0.0,43.478,1,other
McDonald’s,Nonfat Hazelnut Latte (Small),180.0,0.0,0.0,0.0,0.0,5.0,95.0,37.0,0.0,37.0,7.0,210.0,,0,176.0,4.0,15.91,84.09,0.0,3.889,20.556,0.0,0.0,52.778,1,other
McDonald’s,Nonfat Hazelnut Latte (Medium),220.0,0.0,0.0,0.0,0.0,5.0,115.0,46.0,0.0,46.0,9.0,257.0,,0,220.0,0.0,16.36,83.64,0.0,4.091,20.909,0.0,0.0,52.273,1,other
McDonald’s,Nonfat Hazelnut Latte (Large),260.0,0.0,0.0,0.0,0.0,5.0,135.0,55.0,0.0,55.0,10.0,305.0,,0,260.0,0.0,15.38,84.62,0.0,3.846,21.154,0.0,0.0,51.923,1,other
McDonald’s,Nonfat Vanilla Cappuccino (Small),150.0,0.0,0.0,0.0,0.0,5.0,70.0,34.0,0.0,34.0,5.0,179.0,,0,156.0,-6.0,12.82,87.18,0.0,3.333,22.667,0.0,0.0,46.667,1,other
McDonald’s,Nonfat Vanilla Cappuccino (Medium),190.0,0.0,0.0,0.0,0.0,5.0,90.0,42.0,0.0,42.0,6.0,226.0,,0,192.0,-2.0,12.5,87.5,0.0,3.158,22.105,0.0,0.0,47.368,1,other
McDonald’s,Nonfat Vanilla Cappuccino (Large),230.0,0.0,0.0,0.0,0.0,5.0,100.0,51.0,0.0,51.0,7.0,274.0,,0,232.0,-2.0,12.07,87.93,0.0,3.043,22.174,0.0,0.0,43.478,1,other
McDonald’s,Nonfat Vanilla Latte (Small),180.0,0.0,0.0,0.0,0.0,5.0,95.0,37.0,0.0,37.0,7.0,210.0,,0,176.0,4.0,15.91,84.09,0.0,3.889,20.556,0.0,0.0,52.778,1,other
McDonald’s,Nonfat Vanilla Latte (Medium),220.0,0.0,0.0,0.0,0.0,5.0,115.0,46.0,0.0,46.0,9.0,257.0,,0,220.0,0.0,16.36,83.64,0.0,4.091,20.909,0.0,0.0,52.273,1,other
McDonald’s,Nonfat Vanilla Latte (Large),260.0,0.0,0.0,0.0,0.0,5.0,135.0,55.0,0.0,55.0,10.0,305.0,,0,260.0,0.0,15.38,84.62,0.0,3.846,21.154,0.0,0.0,51.923,1,other
McDonald’s,Nonfat Cappuccino with Sugar Free Vanilla Syrup (Small),50.0,0.0,0.0,0.0,0.0,5.0,100.0,15.0,0.0,8.0,5.0,53.0,,0,80.0,-30.0,25.0,75.0,0.0,10.0,30.0,0.0,0.0,200.0,1,other
McDonald’s,Nonfat Cappuccino with Sugar Free Vanilla Syrup (Medium),70.0,0.0,0.0,0.0,0.0,5.0,130.0,19.0,0.0,10.0,7.0,73.0,,0,104.0,-34.0,26.92,73.08,0.0,10.0,27.143,0.0,0.0,185.714,1,other
McDonald’s,Nonfat Cappuccino with Sugar Free Vanilla Syrup (Large),80.0,0.0,0.0,0.0,0.0,5.0,150.0,22.0,0.0,11.0,8.0,83.0,,0,120.0,-40.0,26.67,73.33,0.0,10.0,27.5,0.0,0.0,187.5,1,other
McDonald’s,Nonfat Latte with Sugar Free Vanilla Syrup (Small),80.0,0.0,0.0,0.0,0.0,5.0,130.0,18.0,0.0,11.0,7.0,84.0,,0,100.0,-20.0,28.0,72.0,0.0,8.75,22.5,0.0,0.0,162.5,1,other
McDonald’s,Nonfat Latte with Sugar Free Vanilla Syrup (Medium),90.0,0.0,0.0,0.0,0.0,5.0,160.0,22.0,0.0,13.0,9.0,94.0,,0,124.0,-34.0,29.03,70.97,0.0,10.0,24.444,0.0,0.0,177.778,1,other
McDonald’s,Nonfat Latte with Sugar Free Vanilla Syrup (Large),110.0,0.0,0.0,0.0,0.0,5.0,190.0,27.0,0.0,15.0,11.0,114.0,,0,152.0,-42.0,28.95,71.05,0.0,10.0,24.545,0.0,0.0,172.727,1,other
McDonald’s,Mocha with Nonfat Milk (Small),240.0,45.0,5.0,3.0,0.0,5.0,130.0,41.0,0.0,34.0,7.0,270.0,,0,237.0,3.0,11.81,69.2,18.99,2.917,17.083,2.083,0.0,54.167,1,other
McDonald’s,Mocha with Nonfat Milk (Medium),280.0,50.0,6.0,3.5,0.0,10.0,160.0,50.0,0.0,42.0,8.0,317.5,,0,286.0,-6.0,11.19,69.93,18.88,2.857,17.857,2.143,0.0,57.143,1,other
McDonald’s,Mocha with Nonfat Milk (Large),330.0,50.0,6.0,3.5,0.0,10.0,190.0,58.0,0.0,50.0,10.0,373.5,,0,326.0,4.0,12.27,71.17,16.56,3.03,17.576,1.818,0.0,57.576,1,other
McDonald’s,Hot Chocolate with Nonfat Milk (Small),250.0,45.0,5.0,3.0,0.0,10.0,140.0,43.0,0.0,37.0,8.0,282.0,,0,249.0,1.0,12.85,69.08,18.07,3.2,17.2,2.0,0.0,56.0,1,beverage
McDonald’s,Hot Chocolate with Nonfat Milk (Medium),310.0,50.0,6.0,3.5,0.0,10.0,190.0,55.0,0.0,47.0,11.0,349.5,,0,318.0,-8.0,13.84,69.18,16.98,3.548,17.742,1.935,0.0,61.29,1,beverage
McDonald’s,Hot Chocolate with Nonfat Milk (Large),390.0,50.0,6.0,3.5,0.0,10.0,250.0,68.0,0.0,59.0,16.0,436.5,,0,390.0,0.0,16.41,69.74,13.85,4.103,17.436,1.538,0.0,64.103,1,beverage
McDonald’s,Iced Nonfat Latte (Small),50.0,0.0,0.0,0.0,0.0,5.0,70.0,7.0,0.0,7.0,5.0,52.0,,0,48.0,2.0,41.67,58.33,0.0,10.0,14.0,0.0,0.0,140.0,1,other
McDonald’s,Iced Nonfat Latte (Medium),60.0,0.0,0.0,0.0,0.0,5.0,90.0,9.0,0.0,9.0,6.0,63.0,,0,60.0,0.0,40.0,60.0,0.0,10.0,15.0,0.0,0.0,150.0,1,other
McDonald’s,Iced Nonfat Latte (Large),70.0,0.0,0.0,0.0,0.0,5.0,105.0,11.0,0.0,11.0,7.0,74.0,,0,72.0,-2.0,38.89,61.11,0.0,10.0,15.714,0.0,0.0,150.0,1,other
McDonald’s,Iced Nonfat Caramel Latte (Small),140.0,0.0,0.0,0.0,0.0,0.0,105.0,30.0,0.0,30.0,3.0,167.0,,0,132.0,8.0,9.09,90.91,0.0,2.143,21.429,0.0,0.0,75.0,1,other
McDonald’s,Iced Nonfat Caramel Latte (Medium),150.0,0.0,0.0,0.0,0.0,5.0,120.0,32.0,0.0,32.0,5.0,177.0,,0,148.0,2.0,13.51,86.49,0.0,3.333,21.333,0.0,0.0,80.0,1,other
McDonald’s,Iced Nonfat Caramel Latte (Large),190.0,0.0,0.0,0.0,0.0,5.0,150.0,40.0,0.0,40.0,6.0,224.0,,0,184.0,6.0,13.04,86.96,0.0,3.158,21.053,0.0,0.0,78.947,1,other
McDonald’s,Iced Nonfat Hazelnut Latte (Small),140.0,0.0,0.0,0.0,0.0,0.0,50.0,32.0,0.0,32.0,3.0,169.0,,0,140.0,0.0,8.57,91.43,0.0,2.143,22.857,0.0,0.0,35.714,1,other
McDonald’s,Iced Nonfat Hazelnut Latte (Medium),150.0,0.0,0.0,0.0,0.0,5.0,70.0,33.0,0.0,33.0,5.0,178.0,,0,152.0,-2.0,13.16,86.84,0.0,3.333,22.0,0.0,0.0,46.667,1,other
McDonald’s,Iced Nonfat Hazelnut Latte (Large),190.0,0.0,0.0,0.0,0.0,5.0,80.0,42.0,0.0,42.0,6.0,226.0,,0,192.0,-2.0,12.5,87.5,0.0,3.158,22.105,0.0,0.0,42.105,1,other
McDonald’s,Iced Nonfat Vanilla Latte (Small),140.0,0.0,0.0,0.0,0.0,0.0,50.0,31.0,0.0,31.0,3.0,168.0,,0,136.0,4.0,8.82,91.18,0.0,2.143,22.143,0.0,0.0,35.714,1,other
McDonald’s,Iced Nonfat Vanilla Latte (Medium),150.0,0.0,0.0,0.0,0.0,5.0,70.0,33.0,0.0,33.0,5.0,178.0,,0,152.0,-2.0,13.16,86.84,0.0,3.333,22.0,0.0,0.0,46.667,1,other
McDonald’s,Iced Nonfat Vanilla Latte (Large),190.0,0.0,0.0,0.0,0.0,5.0,85.0,41.0,0.0,41.0,6.0,225.0,,0,188.0,2.0,12.77,87.23,0.0,3.158,21.579,0.0,0.0,44.737,1,other
McDonald’s,Iced Nonfat Latte with Sugar Free Vanilla Syrup (Small),40.0,0.0,0.0,0.0,0.0,0.0,85.0,13.0,0.0,5.0,4.0,41.0,,0,68.0,-28.0,23.53,76.47,0.0,10.0,32.5,0.0,0.0,212.5,1,other
McDonald’s,Iced Nonfat Latte with Sugar Free Vanilla Syrup (Medium),50.0,0.0,0.0,0.0,0.0,5.0,100.0,14.0,0.0,6.0,5.0,51.0,,0,76.0,-26.0,26.32,73.68,0.0,10.0,28.0,0.0,0.0,200.0,1,other
McDonald’s,Iced Nonfat Latte with Sugar Free Vanilla Syrup (Large),60.0,0.0,0.0,0.0,0.0,5.0,130.0,19.0,0.0,8.0,6.0,62.0,,0,100.0,-40.0,24.0,76.0,0.0,10.0,31.667,0.0,0.0,216.667,1,other
McDonald’s,Iced Mocha with Nonfat Milk (Medium),270.0,70.0,8.0,4.5,0.0,10.0,140.0,43.0,0.0,35.0,7.0,302.5,,0,272.0,-2.0,10.29,63.24,26.47,2.593,15.926,2.963,0.0,51.852,1,other
McDonald’s,Iced Nonfat Caramel Mocha (Large),300.0,60.0,6.0,4.0,0.0,10.0,230.0,49.0,0.0,45.0,11.0,338.0,,0,294.0,6.0,14.97,66.67,18.37,3.667,16.333,2.0,0.0,76.667,1,other
McDonald’s,Iced Nonfat Caramel Mocha (Medium),240.0,60.0,6.0,4.0,0.0,10.0,190.0,37.0,0.0,34.0,9.0,269.0,,0,238.0,2.0,15.13,62.18,22.69,3.75,15.417,2.5,0.0,79.167,1,other
McDonald’s,Iced Nonfat Caramel Mocha (Small),200.0,50.0,6.0,4.0,0.0,10.0,140.0,29.0,0.0,26.0,6.0,224.0,,0,194.0,6.0,12.37,59.79,27.84,3.0,14.5,3.0,0.0,70.0,1,other
McDonald’s,Nonfat Caramel Mocha (Large),280.0,35.0,4.0,2.5,0.0,10.0,260.0,49.0,0.0,46.0,12.0,316.5,,0,280.0,0.0,17.14,70.0,12.86,4.286,17.5,1.429,0.0,92.857,1,other
McDonald’s,Nonfat Caramel Mocha (Medium),240.0,35.0,4.0,2.5,0.0,5.0,200.0,41.0,0.0,38.0,9.0,271.5,,0,236.0,4.0,15.25,69.49,15.25,3.75,17.083,1.667,0.0,83.333,1,other
McDonald’s,Nonfat Caramel Mocha (Small),200.0,35.0,4.0,2.5,0.0,5.0,170.0,34.0,0.0,31.0,8.0,225.5,,0,204.0,-4.0,15.69,66.67,17.65,4.0,17.0,2.0,0.0,85.0,1,other
McDonald’s,Cappuccino (Small),120.0,60.0,7.0,4.0,0.0,20.0,85.0,9.0,0.0,9.0,6.0,127.0,,0,123.0,-3.0,19.51,29.27,51.22,5.0,7.5,5.833,0.0,70.833,1,other
McDonald’s,Cappuccino (Medium),140.0,70.0,8.0,4.5,0.0,25.0,105.0,11.0,0.0,11.0,8.0,147.5,,0,148.0,-8.0,21.62,29.73,48.65,5.714,7.857,5.714,0.0,75.0,1,other
McDonald’s,Cappuccino (Large),180.0,90.0,10.0,6.0,0.0,30.0,130.0,13.0,0.0,13.0,9.0,190.0,,0,178.0,2.0,20.22,29.21,50.56,5.0,7.222,5.556,0.0,72.222,0,other
McDonald’s,Latte (Small) ,150.0,70.0,8.0,4.5,0.0,25.0,105.0,11.0,0.0,11.0,8.0,157.5,,0,148.0,2.0,21.62,29.73,48.65,5.333,7.333,5.333,0.0,70.0,1,other
McDonald’s,Latte (Medium),180.0,90.0,10.0,6.0,0.0,30.0,130.0,13.0,0.0,13.0,10.0,189.0,,0,182.0,-2.0,21.98,28.57,49.45,5.556,7.222,5.556,0.0,72.222,0,other
McDonald’s,Latte (Large),210.0,100.0,11.0,7.0,0.0,35.0,150.0,16.0,0.0,16.0,11.0,222.0,,0,207.0,3.0,21.26,30.92,47.83,5.238,7.619,5.238,0.0,71.429,0,other
McDonald’s,Caramel Cappuccino (Small),200.0,45.0,5.0,3.0,0.0,15.0,125.0,32.0,0.0,32.0,5.0,230.0,,0,193.0,7.0,10.36,66.32,23.32,2.5,16.0,2.5,0.0,62.5,1,other
McDonald’s,Caramel Cappuccino (Medium),240.0,50.0,6.0,3.5,0.0,20.0,150.0,41.0,0.0,40.0,6.0,277.5,,0,242.0,-2.0,9.92,67.77,22.31,2.5,17.083,2.5,0.0,62.5,1,other
McDonald’s,Caramel Cappuccino (Large),290.0,70.0,8.0,4.5,0.0,25.0,190.0,49.0,0.0,49.0,8.0,335.5,,0,300.0,-10.0,10.67,65.33,24.0,2.759,16.897,2.759,0.0,65.517,1,other
McDonald’s,Caramel Latte (Small),230.0,60.0,7.0,4.0,0.0,20.0,140.0,35.0,0.0,35.0,7.0,262.0,,0,231.0,-1.0,12.12,60.61,27.27,3.043,15.217,3.043,0.0,60.87,1,other
McDonald’s,Caramel Latte (Medium),280.0,70.0,8.0,4.5,0.0,25.0,170.0,43.0,0.0,43.0,8.0,319.5,,0,276.0,4.0,11.59,62.32,26.09,2.857,15.357,2.857,0.0,60.714,1,other
McDonald’s,Caramel Latte (Large),330.0,80.0,9.0,5.0,0.0,30.0,210.0,52.0,0.0,51.0,9.0,377.0,,0,325.0,5.0,11.08,64.0,24.92,2.727,15.758,2.727,0.0,63.636,1,other
McDonald’s,Hazelnut Cappuccino (Small),200.0,45.0,5.0,3.0,0.0,15.0,70.0,34.0,0.0,34.0,5.0,232.0,,0,201.0,-1.0,9.95,67.66,22.39,2.5,17.0,2.5,0.0,35.0,1,other
McDonald’s,Hazelnut Cappuccino (Medium),240.0,50.0,6.0,3.5,0.0,20.0,85.0,42.0,0.0,42.0,6.0,279.5,,0,246.0,-6.0,9.76,68.29,21.95,2.5,17.5,2.5,0.0,35.417,1,other
McDonald’s,Hazelnut Cappuccino (Large),290.0,70.0,8.0,4.5,0.0,25.0,105.0,51.0,0.0,51.0,7.0,338.5,,0,304.0,-14.0,9.21,67.11,23.68,2.414,17.586,2.759,0.0,36.207,1,other
McDonald’s,Hazelnut Latte (Small),230.0,60.0,7.0,4.0,0.0,20.0,90.0,36.0,0.0,36.0,7.0,263.0,,0,235.0,-5.0,11.91,61.28,26.81,3.043,15.652,3.043,0.0,39.13,1,other
McDonald’s,Hazelnut Latte (Medium),280.0,70.0,8.0,4.5,0.0,25.0,110.0,45.0,0.0,45.0,8.0,321.5,,0,284.0,-4.0,11.27,63.38,25.35,2.857,16.071,2.857,0.0,39.286,1,other
McDonald’s,Hazelnut Latte (Large),330.0,80.0,9.0,5.0,0.0,30.0,130.0,53.0,0.0,53.0,9.0,379.0,,0,329.0,1.0,10.94,64.44,24.62,2.727,16.061,2.727,0.0,39.394,1,other
McDonald’s,Vanilla Cappuccino (Small),200.0,45.0,5.0,3.0,0.0,15.0,70.0,34.0,0.0,34.0,5.0,232.0,,0,201.0,-1.0,9.95,67.66,22.39,2.5,17.0,2.5,0.0,35.0,1,other
McDonald’s,Vanilla Cappuccino (Medium),240.0,50.0,6.0,3.5,0.0,20.0,85.0,42.0,0.0,42.0,6.0,279.5,,0,246.0,-6.0,9.76,68.29,21.95,2.5,17.5,2.5,0.0,35.417,1,other
McDonald’s,Vanilla Cappuccino (Large),290.0,70.0,8.0,4.5,0.0,25.0,105.0,51.0,0.0,51.0,7.0,338.5,,0,304.0,-14.0,9.21,67.11,23.68,2.414,17.586,2.759,0.0,36.207,1,other
McDonald’s,Vanilla Latte (Small),230.0,60.0,7.0,4.0,0.0,20.0,90.0,36.0,0.0,36.0,7.0,263.0,,0,235.0,-5.0,11.91,61.28,26.81,3.043,15.652,3.043,0.0,39.13,1,other
McDonald’s,Vanilla Latte (Medium),280.0,70.0,8.0,4.5,0.0,25.0,110.0,44.0,0.0,44.0,8.0,320.5,,0,280.0,0.0,11.43,62.86,25.71,2.857,15.714,2.857,0.0,39.286,1,other
McDonald’s,Vanilla Latte (Large),330.0,80.0,9.0,5.0,0.0,30.0,130.0,53.0,0.0,53.0,9.0,379.0,,0,329.0,1.0,10.94,64.44,24.62,2.727,16.061,2.727,0.0,39.394,1,other
McDonald’s,Cappuccino with Sugar Free Vanilla Syrup (Small),100.0,50.0,5.0,3.0,0.0,15.0,105.0,15.0,0.0,7.0,5.0,105.0,,0,125.0,-25.0,16.0,48.0,36.0,5.0,15.0,5.0,0.0,105.0,1,other
McDonald’s,Cappuccino with Sugar Free Vanilla Syrup (Medium),120.0,60.0,6.0,3.5,0.0,20.0,130.0,18.0,0.0,9.0,6.0,126.5,,0,150.0,-30.0,16.0,48.0,36.0,5.0,15.0,5.0,0.0,108.333,1,other
McDonald’s,Cappuccino with Sugar Free Vanilla Syrup (Large),150.0,70.0,8.0,4.5,0.0,25.0,160.0,22.0,0.0,11.0,8.0,157.5,,0,192.0,-42.0,16.67,45.83,37.5,5.333,14.667,5.333,0.0,106.667,1,other
McDonald’s,Latte with Sugar Free Vanilla Syrup (Small),130.0,60.0,7.0,4.0,0.0,20.0,125.0,17.0,0.0,10.0,7.0,137.0,,0,159.0,-29.0,17.61,42.77,39.62,5.385,13.077,5.385,0.0,96.154,1,other
McDonald’s,Latte with Sugar Free Vanilla Syrup (Medium),160.0,70.0,8.0,5.0,0.0,25.0,150.0,21.0,0.0,11.0,8.0,168.0,,0,188.0,-28.0,17.02,44.68,38.3,5.0,13.125,5.0,0.0,93.75,1,other
McDonald’s,Latte with Sugar Free Vanilla Syrup (Large),180.0,90.0,10.0,6.0,0.0,30.0,180.0,25.0,0.0,13.0,10.0,189.0,,0,230.0,-50.0,17.39,43.48,39.13,5.556,13.889,5.556,0.0,100.0,0,other
McDonald’s,Mocha (Small),280.0,100.0,11.0,6.0,0.0,20.0,125.0,40.0,0.0,33.0,6.0,313.0,,0,283.0,-3.0,8.48,56.54,34.98,2.143,14.286,3.929,0.0,44.643,0,other
McDonald’s,Mocha (Medium),330.0,110.0,12.0,7.0,0.0,25.0,150.0,48.0,0.0,41.0,7.0,371.0,,0,328.0,2.0,8.54,58.54,32.93,2.121,14.545,3.636,0.0,45.455,0,other
McDonald’s,Mocha (Large),400.0,130.0,14.0,8.0,0.5,30.0,190.0,58.0,0.0,49.0,10.0,447.0,,0,398.0,2.0,10.05,58.29,31.66,2.5,14.5,3.5,0.0,47.5,0,other
McDonald’s,Hot Chocolate (Small),300.0,110.0,12.0,7.0,0.0,25.0,135.0,41.0,0.0,35.0,8.0,334.0,,0,304.0,-4.0,10.53,53.95,35.53,2.667,13.667,4.0,0.0,45.0,0,beverage
McDonald’s,Hot Chocolate (Medium),380.0,130.0,15.0,9.0,0.5,30.0,170.0,53.0,0.0,45.0,10.0,424.0,,0,387.0,-7.0,10.34,54.78,34.88,2.632,13.947,3.947,0.0,44.737,0,beverage
McDonald’s,Hot Chocolate (Large),460.0,160.0,18.0,10.0,0.5,40.0,220.0,63.0,0.0,54.0,13.0,511.0,,0,466.0,-6.0,11.16,54.08,34.76,2.826,13.696,3.913,0.0,47.826,0,beverage
McDonald’s,Iced Latte (Small),80.0,40.0,4.5,2.5,0.0,15.0,65.0,6.0,0.0,6.0,4.0,84.5,,0,80.5,-0.5,19.88,29.81,50.31,5.0,7.5,5.625,0.0,81.25,1,other
McDonald’s,Iced Latte (Medium),100.0,50.0,6.0,3.5,0.0,15.0,80.0,8.0,0.0,8.0,6.0,105.5,,0,110.0,-10.0,21.82,29.09,49.09,6.0,8.0,6.0,0.0,80.0,1,other
McDonald’s,Iced Latte (Large),140.0,70.0,8.0,4.5,0.0,25.0,105.0,10.0,0.0,10.0,7.0,147.5,,0,140.0,0.0,20.0,28.57,51.43,5.0,7.143,5.714,0.0,75.0,1,other
McDonald’s,Iced Caramel Latte (Small),160.0,25.0,3.0,1.5,0.0,10.0,100.0,29.0,0.0,29.0,3.0,187.5,,0,155.0,5.0,7.74,74.84,17.42,1.875,18.125,1.875,0.0,62.5,1,other
McDonald’s,Iced Caramel Latte (Medium),180.0,40.0,4.5,2.5,0.0,15.0,120.0,31.0,0.0,31.0,4.0,209.5,,0,180.5,-0.5,8.86,68.7,22.44,2.222,17.222,2.5,0.0,66.667,1,other
McDonald’s,Iced Caramel Latte (Large),230.0,50.0,6.0,3.5,0.0,15.0,150.0,40.0,0.0,40.0,6.0,267.5,,0,238.0,-8.0,10.08,67.23,22.69,2.609,17.391,2.609,0.0,65.217,1,other
McDonald’s,Iced Hazelnut Latte (Small),160.0,25.0,3.0,1.5,0.0,10.0,45.0,31.0,0.0,31.0,3.0,189.5,,0,163.0,-3.0,7.36,76.07,16.56,1.875,19.375,1.875,0.0,28.125,1,other
McDonald’s,Iced Hazelnut Latte (Medium),180.0,40.0,4.5,2.5,0.0,15.0,65.0,33.0,0.0,33.0,4.0,211.5,,0,188.5,-8.5,8.49,70.03,21.49,2.222,18.333,2.5,0.0,36.111,1,other
McDonald’s,Iced Hazelnut Latte (Large),230.0,50.0,6.0,3.5,0.0,15.0,85.0,41.0,0.0,41.0,6.0,268.5,,0,242.0,-12.0,9.92,67.77,22.31,2.609,17.826,2.609,0.0,36.957,1,other
McDonald’s,Iced Vanilla Latte (Small),160.0,25.0,3.0,1.5,0.0,10.0,45.0,31.0,0.0,31.0,3.0,189.5,,0,163.0,-3.0,7.36,76.07,16.56,1.875,19.375,1.875,0.0,28.125,1,other
McDonald’s,Iced Vanilla Latte (Medium),190.0,40.0,4.5,2.5,0.0,15.0,70.0,33.0,0.0,33.0,5.0,220.5,,0,192.5,-2.5,10.39,68.57,21.04,2.632,17.368,2.368,0.0,36.842,1,other
McDonald’s,Iced Vanilla Latte (Large),230.0,50.0,6.0,3.5,0.0,15.0,85.0,41.0,0.0,41.0,6.0,268.5,,0,242.0,-12.0,9.92,67.77,22.31,2.609,17.826,2.609,0.0,36.957,1,other
McDonald’s,Iced Latte with Sugar Free Vanilla Syrup (Small),60.0,30.0,3.0,2.0,0.0,10.0,80.0,12.0,0.0,4.0,3.0,63.0,,0,87.0,-27.0,13.79,55.17,31.03,5.0,20.0,5.0,0.0,133.333,1,other
McDonald’s,Iced Latte with Sugar Free Vanilla Syrup (Medium),90.0,40.0,5.0,3.0,0.0,15.0,105.0,14.0,0.0,6.0,5.0,94.0,,0,121.0,-31.0,16.53,46.28,37.19,5.556,15.556,5.556,0.0,116.667,1,other
McDonald’s,Iced Latte with Sugar Free Vanilla Syrup (Large),110.0,50.0,6.0,3.5,0.0,15.0,130.0,19.0,0.0,8.0,6.0,115.5,,0,154.0,-44.0,15.58,49.35,35.06,5.455,17.273,5.455,0.0,118.182,1,other
McDonald’s,Iced Mocha (Medium),310.0,120.0,13.0,8.0,0.0,25.0,140.0,42.0,0.0,35.0,7.0,346.0,,0,313.0,-3.0,8.95,53.67,37.38,2.258,13.548,4.194,0.0,45.161,0,other
McDonald’s,Caramel Mocha (Large),360.0,130.0,14.0,8.0,0.5,35.0,220.0,47.0,0.0,46.0,10.0,404.0,,0,354.0,6.0,11.3,53.11,35.59,2.778,13.056,3.889,0.0,61.111,0,other
McDonald’s,Caramel Mocha (Medium),290.0,100.0,12.0,7.0,0.0,25.0,180.0,39.0,0.0,38.0,8.0,327.0,,0,296.0,-6.0,10.81,52.7,36.49,2.759,13.448,4.138,0.0,62.069,0,other
McDonald’s,Caramel Mocha (Small),250.0,90.0,11.0,6.0,0.0,25.0,150.0,33.0,0.0,31.0,7.0,280.0,,0,259.0,-9.0,10.81,50.97,38.22,2.8,13.2,4.4,0.0,60.0,0,other
McDonald’s,Iced Caramel Mocha (Large),380.0,140.0,16.0,9.0,0.5,35.0,210.0,48.0,0.0,46.0,10.0,425.0,,0,376.0,4.0,10.64,51.06,38.3,2.632,12.632,4.211,0.0,55.263,0,other
McDonald’s,Iced Caramel Mocha (Medium),300.0,120.0,14.0,8.0,0.0,30.0,160.0,36.0,0.0,33.0,8.0,333.0,,0,302.0,-2.0,10.6,47.68,41.72,2.667,12.0,4.667,0.0,53.333,0,other
McDonald’s,Iced Caramel Mocha (Small),240.0,100.0,12.0,7.0,0.0,25.0,130.0,29.0,0.0,26.0,6.0,267.0,,0,248.0,-8.0,9.68,46.77,43.55,2.5,12.083,5.0,0.0,54.167,0,other
McDonald’s,Frappe Caramel (Small),450.0,180.0,20.0,13.0,1.0,55.0,135.0,61.0,0.0,57.0,6.0,514.0,,0,448.0,2.0,5.36,54.46,40.18,1.333,13.556,4.444,0.0,30.0,0,other
McDonald’s,Frappe Caramel (Medium),550.0,220.0,24.0,15.0,1.0,70.0,160.0,76.0,0.0,71.0,8.0,628.0,,0,552.0,-2.0,5.8,55.07,39.13,1.455,13.818,4.364,0.0,29.091,0,other
McDonald’s,Frappe Caramel (Large),680.0,260.0,29.0,18.0,1.5,85.0,200.0,94.0,0.0,88.0,10.0,776.0,,0,677.0,3.0,5.91,55.54,38.55,1.471,13.824,4.265,0.0,29.412,0,other
McDonald’s,Frappe Mocha (Small),450.0,180.0,20.0,13.0,1.0,55.0,130.0,62.0,1.0,56.0,7.0,512.0,,0,456.0,-6.0,6.14,54.39,39.47,1.556,13.778,4.444,0.222,28.889,0,other
McDonald’s,Frappe Mocha (Medium),560.0,210.0,24.0,15.0,1.0,65.0,160.0,78.0,1.0,70.0,8.0,637.0,,0,560.0,0.0,5.71,55.71,38.57,1.429,13.929,4.286,0.179,28.571,0,other
McDonald’s,Frappe Mocha (Large),680.0,250.0,28.0,18.0,1.0,80.0,200.0,96.0,1.0,87.0,10.0,775.0,,0,676.0,4.0,5.92,56.8,37.28,1.471,14.118,4.118,0.147,29.412,0,other
McDonald’s,Strawberry Banana Smoothie (Large),330.0,10.0,1.0,0.5,0.0,5.0,55.0,77.0,4.0,70.0,3.0,397.5,,0,329.0,1.0,3.65,93.62,2.74,0.909,23.333,0.303,1.212,16.667,1,other
McDonald’s,Strawberry Banana Smoothie (Medium),260.0,5.0,1.0,0.0,0.0,5.0,40.0,60.0,3.0,54.0,2.0,312.0,,0,257.0,3.0,3.11,93.39,3.5,0.769,23.077,0.385,1.154,15.385,1,other
McDonald’s,Strawberry Banana Smoothie (Small),210.0,5.0,0.5,0.0,0.0,5.0,35.0,49.0,2.0,44.0,2.0,252.0,,0,208.5,1.5,3.84,94.0,2.16,0.952,23.333,0.238,0.952,16.667,1,other
McDonald’s,Wild Berry Smoothie (Large),320.0,10.0,1.0,0.5,0.0,5.0,45.0,75.0,4.0,69.0,3.0,386.5,,0,321.0,-1.0,3.74,93.46,2.8,0.938,23.438,0.312,1.25,14.062,1,other
McDonald’s,Wild Berry Smoothie (Medium),260.0,5.0,1.0,0.0,0.0,5.0,35.0,60.0,4.0,55.0,3.0,312.0,,0,261.0,-1.0,4.6,91.95,3.45,1.154,23.077,0.385,1.538,13.462,1,other
McDonald’s,Wild Berry Smoothie (Small),210.0,5.0,0.5,0.0,0.0,5.0,30.0,48.0,3.0,44.0,2.0,252.0,,0,204.5,5.5,3.91,93.89,2.2,0.952,22.857,0.238,1.429,14.286,1,other
Burger King,Whopper® Sandwich,660.0,360.0,40.0,12.0,1.5,90.0,980.0,49.0,2.0,11.0,28.0,655.0,,0,668.0,-8.0,16.77,29.34,53.89,4.242,7.424,6.061,0.303,148.485,0,sandwich
Burger King,Whopper® Sandwich with Cheese,740.0,420.0,46.0,16.0,2.0,115.0,1340.0,50.0,2.0,11.0,32.0,735.0,,0,742.0,-2.0,17.25,26.95,55.8,4.324,6.757,6.216,0.27,181.081,0,sandwich
Burger King,Bacon & Cheese Whopper® Sandwich,790.0,460.0,51.0,17.0,2.0,125.0,1560.0,50.0,2.0,11.0,35.0,783.0,,0,799.0,-9.0,17.52,25.03,57.45,4.43,6.329,6.456,0.253,197.468,0,sandwich
Burger King,Double Whopper® Sandwich,900.0,520.0,58.0,20.0,3.0,175.0,1050.0,49.0,2.0,11.0,48.0,883.0,,0,910.0,-10.0,21.1,21.54,57.36,5.333,5.444,6.444,0.222,116.667,0,sandwich
Burger King,Double Whopper® Sandwich with Cheese,980.0,580.0,64.0,24.0,3.0,195.0,1410.0,50.0,2.0,11.0,52.0,963.0,,0,984.0,-4.0,21.14,20.33,58.54,5.306,5.102,6.531,0.204,143.878,0,sandwich
Burger King,Triple Whopper® Sandwich,1130.0,680.0,75.0,28.0,4.0,255.0,1120.0,49.0,2.0,11.0,67.0,1102.0,,0,1139.0,-9.0,23.53,17.21,59.26,5.929,4.336,6.637,0.177,99.115,0,sandwich
Burger King,Triple Whopper® Sandwich with Cheese,1220.0,740.0,82.0,32.0,4.5,280.0,1470.0,50.0,2.0,11.0,71.0,1192.0,,0,1222.0,-2.0,23.24,16.37,60.39,5.82,4.098,6.721,0.164,120.492,0,sandwich
Burger King,Whopper JR.® Sandwich,310.0,160.0,18.0,5.0,0.5,40.0,390.0,27.0,1.0,7.0,13.0,309.0,,0,322.0,-12.0,16.15,33.54,50.31,4.194,8.71,5.806,0.323,125.806,1,sandwich
Burger King,Bacon King Sandwich,1150.0,710.0,79.0,31.0,3.5,240.0,2150.0,49.0,2.0,10.0,61.0,1130.0,,0,1151.0,-1.0,21.2,17.03,61.77,5.304,4.261,6.87,0.174,186.957,0,sandwich
Burger King,Cheddar Bacon King Sandwich,1190.0,750.0,84.0,33.0,3.5,235.0,1930.0,50.0,2.0,11.0,64.0,1170.0,,0,1212.0,-22.0,21.12,16.5,62.38,5.378,4.202,7.059,0.168,162.185,0,sandwich
Burger King,Single Quarter Pound King Sandwich,580.0,260.0,29.0,13.0,1.5,105.0,1310.0,49.0,2.0,10.0,32.0,571.0,,0,585.0,-5.0,21.88,33.5,44.62,5.517,8.448,5.0,0.345,225.862,0,sandwich
Burger King,Double Quarter Pound King Sandwich,900.0,480.0,54.0,25.0,3.0,210.0,1740.0,50.0,2.0,11.0,56.0,880.0,,0,910.0,-10.0,24.62,21.98,53.41,6.222,5.556,6.0,0.222,193.333,0,sandwich
Burger King,Single Stacker King,700.0,380.0,42.0,16.0,2.0,125.0,1360.0,48.0,1.0,10.0,35.0,691.0,,0,710.0,-10.0,19.72,27.04,53.24,5.0,6.857,6.0,0.143,194.286,0,other
Burger King,Double Stacker King,1050.0,610.0,68.0,28.0,3.5,235.0,1870.0,49.0,1.0,11.0,61.0,1028.0,,0,1052.0,-2.0,23.19,18.63,58.17,5.81,4.667,6.476,0.095,178.095,0,other
Burger King,IMPOSSIBLE Whopper® Sandwich,630.0,310.0,34.0,11.0,0.0,10.0,1080.0,58.0,4.0,12.0,25.0,628.0,,0,638.0,-8.0,15.67,36.36,47.96,3.968,9.206,5.397,0.635,171.429,0,sandwich
Burger King,Hamburger,240.0,90.0,10.0,3.5,0.5,35.0,380.0,26.0,1.0,6.0,13.0,237.0,,0,246.0,-6.0,21.14,42.28,36.59,5.417,10.833,4.167,0.417,158.333,1,burger
Burger King,Cheeseburger,280.0,120.0,13.0,6.0,0.5,45.0,560.0,27.0,1.0,7.0,15.0,278.0,,0,285.0,-5.0,21.05,37.89,41.05,5.357,9.643,4.643,0.357,200.0,0,burger
Burger King,Double Hamburger,350.0,160.0,18.0,7.0,1.0,70.0,410.0,26.0,1.0,6.0,21.0,342.0,,0,350.0,0.0,24.0,29.71,46.29,6.0,7.429,5.143,0.286,117.143,0,burger
Burger King,Double Cheeseburger,390.0,190.0,21.0,9.0,1.5,85.0,590.0,27.0,1.0,7.0,23.0,383.0,,0,389.0,1.0,23.65,27.76,48.59,5.897,6.923,5.385,0.256,151.282,0,burger
Burger King,Extra Long Cheeseburger,630.0,330.0,37.0,14.0,1.5,100.0,1050.0,45.0,2.0,9.0,29.0,624.0,,0,629.0,1.0,18.44,28.62,52.94,4.603,7.143,5.873,0.317,166.667,0,burger
Burger King,Bacon Cheeseburger,320.0,140.0,16.0,7.0,0.5,55.0,710.0,27.0,1.0,7.0,17.0,317.0,,0,320.0,0.0,21.25,33.75,45.0,5.312,8.438,5.0,0.312,221.875,0,burger
Burger King,Bacon Double Cheeseburger,420.0,210.0,24.0,10.0,1.5,90.0,740.0,27.0,1.0,7.0,25.0,412.0,,0,424.0,-4.0,23.58,25.47,50.94,5.952,6.429,5.714,0.238,176.19,0,burger
Burger King,Crispy Chicken Sandwich,670.0,370.0,41.0,7.0,0.0,60.0,1080.0,54.0,2.0,8.0,23.0,662.0,,0,677.0,-7.0,13.59,31.91,54.51,3.433,8.06,6.119,0.299,161.194,0,sandwich
Burger King,Spicy Crispy Chicken Sandwich,700.0,370.0,42.0,7.0,0.0,65.0,1140.0,57.0,3.0,8.0,25.0,690.0,,0,706.0,-6.0,14.16,32.29,53.54,3.571,8.143,6.0,0.429,162.857,0,sandwich
Burger King,Original Chicken Sandwich,660.0,360.0,40.0,7.0,0.0,75.0,1170.0,48.0,2.0,5.0,28.0,644.0,,0,664.0,-4.0,16.87,28.92,54.22,4.242,7.273,6.061,0.303,177.273,0,sandwich
Burger King,Bacon & Cheese Crispy Chicken Sandwich,800.0,460.0,52.0,13.0,1.0,95.0,1650.0,55.0,2.0,8.0,30.0,791.0,,0,808.0,-8.0,14.85,27.23,57.92,3.75,6.875,6.5,0.25,206.25,0,sandwich
Burger King,BBQ Bacon Crispy Chicken Sandwich,790.0,440.0,49.0,10.0,0.5,80.0,1630.0,60.0,2.0,13.0,28.0,785.0,,0,793.0,-3.0,14.12,30.26,55.61,3.544,7.595,6.203,0.253,206.329,0,sandwich
Burger King,Crispy Chicken Jr.,450.0,270.0,30.0,5.0,0.0,30.0,780.0,34.0,2.0,5.0,12.0,448.0,,0,454.0,-4.0,10.57,29.96,59.47,2.667,7.556,6.667,0.444,173.333,0,chicken
Burger King,Spicy Crispy Chicken Jr.,390.0,190.0,21.0,3.5,0.0,30.0,740.0,37.0,2.0,6.0,12.0,388.0,,0,385.0,5.0,12.47,38.44,49.09,3.077,9.487,5.385,0.513,189.744,0,chicken
Burger King,Chicken Nuggets- 4pc,170.0,100.0,11.0,1.5,0.0,25.0,310.0,11.0,1.0,0.0,8.0,164.0,,0,175.0,-5.0,18.29,25.14,56.57,4.706,6.471,6.471,0.588,182.353,1,chicken
Burger King,Chicken Nuggets- 6pc,260.0,150.0,16.0,2.5,0.0,35.0,470.0,16.0,1.0,0.0,12.0,251.0,,0,256.0,4.0,18.75,25.0,56.25,4.615,6.154,6.154,0.385,180.769,1,chicken
Burger King,Chicken Nuggets- 10pc,430.0,240.0,27.0,4.5,0.0,55.0,780.0,27.0,2.0,0.0,20.0,415.0,,0,431.0,-1.0,18.56,25.06,56.38,4.651,6.279,6.279,0.465,181.395,0,chicken
Burger King,Chicken Nuggets- 20pc,860.0,490.0,54.0,9.0,0.0,115.0,1570.0,53.0,3.0,1.0,39.0,831.0,,0,854.0,6.0,18.27,24.82,56.91,4.535,6.163,6.279,0.349,182.558,0,chicken
Burger King,Spicy Chicken Nuggets- 4pc,210.0,130.0,15.0,3.0,0.0,20.0,570.0,11.0,2.0,0.0,8.0,205.0,,0,211.0,-1.0,15.17,20.85,63.98,3.81,5.238,7.143,0.952,271.429,1,chicken
Burger King,Spicy Chicken Nuggets- 6pc,320.0,200.0,22.0,4.5,0.0,35.0,850.0,17.0,3.0,0.0,12.0,313.0,,0,314.0,6.0,15.29,21.66,63.06,3.75,5.312,6.875,0.938,265.625,0,chicken
Burger King,Spicy Chicken Nuggets- 10 pc,530.0,330.0,37.0,7.0,0.0,55.0,1420.0,28.0,4.0,1.0,20.0,518.0,,0,525.0,5.0,15.24,21.33,63.43,3.774,5.283,6.981,0.755,267.925,0,chicken
Burger King,Spicy Chicken Nuggets- 20 pc,1050.0,670.0,74.0,15.0,0.0,110.0,2840.0,56.0,9.0,1.0,40.0,1026.0,,0,1050.0,0.0,15.24,21.33,63.43,3.81,5.333,7.048,0.857,270.476,0,chicken
Burger King,Chicken Fries – 9 pc.,280.0,150.0,17.0,2.5,0.0,35.0,850.0,20.0,1.0,1.0,13.0,271.0,,0,285.0,-5.0,18.25,28.07,53.68,4.643,7.143,6.071,0.357,303.571,0,chicken
Burger King,Crispy Taco,170.0,80.0,9.0,3.0,0.0,10.0,410.0,19.0,2.0,1.0,5.0,169.0,,0,177.0,-7.0,11.3,42.94,45.76,2.941,11.176,5.294,1.176,241.176,1,other
Burger King,BIG FISH Sandwich,510.0,250.0,28.0,4.5,0.0,30.0,1180.0,51.0,2.0,7.0,16.0,506.0,,0,520.0,-10.0,12.31,39.23,48.46,3.137,10.0,5.49,0.392,231.373,0,sandwich
Burger King,Garden Chicken Salad with Crispy Chicken – no dressing,440.0,220.0,25.0,7.0,0.0,75.0,930.0,31.0,3.0,4.0,25.0,426.0,,0,449.0,-9.0,22.27,27.62,50.11,5.682,7.045,5.682,0.682,211.364,0,salad
Burger King,Club Salad with Crispy Chicken – no dressing,540.0,300.0,33.0,10.0,0.0,95.0,1380.0,31.0,3.0,5.0,31.0,524.0,,0,545.0,-5.0,22.75,22.75,54.5,5.741,5.741,6.111,0.556,255.556,0,salad
Burger King,Garden Side Salad – w/o dressing,60.0,35.0,4.0,2.5,0.0,10.0,95.0,3.0,1.0,2.0,4.0,61.0,,0,64.0,-4.0,25.0,18.75,56.25,6.667,5.0,6.667,1.667,158.333,1,salad
Burger King,Ken’s Ranch Dressing,260.0,250.0,28.0,4.0,0.0,10.0,240.0,2.0,0.0,2.0,1.0,265.0,,0,264.0,-4.0,1.52,3.03,95.45,0.385,0.769,10.769,0.0,92.308,1,other
Burger King,Ken’s Golden Italian Dressing,160.0,150.0,17.0,2.5,0.0,0.0,380.0,4.0,0.0,3.0,0.0,166.0,,0,169.0,-9.0,0.0,9.47,90.53,0.0,2.5,10.625,0.0,237.5,1,other
Burger King,Ken’s Lite Honey Balsamic Vinaigrette,120.0,70.0,8.0,1.0,0.0,0.0,220.0,14.0,0.0,11.0,0.0,132.0,,0,128.0,-8.0,0.0,43.75,56.25,0.0,11.667,6.667,0.0,183.333,1,other
Burger King,Buttery Garlic Croutons- Packet,60.0,20.0,2.5,0.0,0.0,10.0,180.0,9.0,0.0,1.0,1.0,60.0,,0,62.5,-2.5,6.4,57.6,36.0,1.667,15.0,4.167,0.0,300.0,1,other
Burger King,Onion Rings – value,150.0,70.0,8.0,1.5,0.0,0.0,400.0,19.0,1.0,2.0,1.0,153.0,,0,152.0,-2.0,2.63,50.0,47.37,0.667,12.667,5.333,0.667,266.667,1,other
Burger King,Onion Rings – small,320.0,150.0,16.0,3.0,0.0,0.0,840.0,41.0,3.0,4.0,3.0,324.0,,0,320.0,0.0,3.75,51.25,45.0,0.938,12.812,5.0,0.938,262.5,0,other
Burger King,Onion Rings – medium,410.0,190.0,21.0,3.5,0.0,0.0,1080.0,53.0,4.0,5.0,4.0,415.0,,0,417.0,-7.0,3.84,50.84,45.32,0.976,12.927,5.122,0.976,263.415,0,other
Burger King,Onion Rings – large,500.0,230.0,25.0,4.5,0.0,0.0,1310.0,64.0,5.0,7.0,5.0,507.0,,0,501.0,-1.0,3.99,51.1,44.91,1.0,12.8,5.0,1.0,262.0,0,other
Burger King,French Fries – value (unsalted),220.0,80.0,9.0,1.5,0.0,0.0,210.0,34.0,3.0,1.0,2.0,221.0,,0,225.0,-5.0,3.56,60.44,36.0,0.909,15.455,4.091,1.364,95.455,1,sides
Burger King,French Fries – small,320.0,120.0,13.0,2.0,0.0,0.0,300.0,49.0,5.0,1.0,4.0,319.0,,0,329.0,-9.0,4.86,59.57,35.56,1.25,15.313,4.062,1.562,93.75,1,sides
Burger King,French Fries – medium,380.0,140.0,16.0,2.0,0.0,0.0,360.0,58.0,6.0,1.0,4.0,379.0,,0,392.0,-12.0,4.08,59.18,36.73,1.053,15.263,4.211,1.579,94.737,1,sides
Burger King,French Fries – large,430.0,160.0,18.0,2.5,0.0,0.0,410.0,66.0,7.0,2.0,5.0,430.0,,0,446.0,-16.0,4.48,59.19,36.32,1.163,15.349,4.186,1.628,95.349,0,sides
Burger King,Kids Oatmeal,170.0,30.0,3.0,1.5,0.0,5.0,260.0,32.0,3.0,12.0,4.0,180.0,,0,171.0,-1.0,9.36,74.85,15.79,2.353,18.824,1.765,1.765,152.941,1,other
Burger King,Mott’s® Natural Applesauce,50.0,0.0,0.0,0.0,0.0,0.0,0.0,13.0,1.0,11.0,0.0,61.0,,0,52.0,-2.0,0.0,100.0,0.0,0.0,26.0,0.0,2.0,0.0,1,other
Burger King,Fat FREE Milk (8 fl oz),90.0,0.0,0.0,0.0,0.0,5.0,125.0,13.0,0.0,12.0,9.0,93.0,,0,88.0,2.0,40.91,59.09,0.0,10.0,14.444,0.0,0.0,138.889,1,other
Burger King,1% Low Fat Chocolate Milk (8 fl oz),160.0,25.0,2.5,1.5,0.0,15.0,150.0,26.0,0.0,25.0,8.0,179.0,,0,158.5,1.5,20.19,65.62,14.2,5.0,16.25,1.562,0.0,93.75,1,beverage
Burger King,Capri Sun® 100% Apple Juice (6 fl oz),80.0,0.0,0.0,0.0,0.0,0.0,25.0,20.0,0.0,20.0,0.0,100.0,,0,80.0,0.0,0.0,100.0,0.0,0.0,25.0,0.0,0.0,31.25,1,other
Burger King,PB&J Jamwich,300.0,140.0,16.0,3.0,0.0,0.0,290.0,33.0,4.0,11.0,11.0,303.0,,0,320.0,-20.0,13.75,41.25,45.0,3.667,11.0,5.333,1.333,96.667,1,other
Burger King,Soft Serve Cone,190.0,40.0,4.5,3.0,0.0,20.0,150.0,32.0,0.0,24.0,5.0,212.0,,0,188.5,1.5,10.61,67.9,21.49,2.632,16.842,2.368,0.0,78.947,1,other
Burger King,Dutch Apple Pie,340.0,130.0,14.0,6.0,0.0,0.0,310.0,51.0,1.0,25.0,3.0,368.0,,0,342.0,-2.0,3.51,59.65,36.84,0.882,15.0,4.118,0.294,91.176,0,other
Burger King,HERSHEY®’S Sundae Pie,310.0,170.0,19.0,12.0,0.0,10.0,220.0,32.0,1.0,22.0,3.0,341.0,,0,311.0,-1.0,3.86,41.16,54.98,0.968,10.323,6.129,0.323,70.968,0,dessert
Burger King,Pie made with TWIX®,370.0,180.0,20.0,13.0,0.0,10.0,330.0,45.0,1.0,30.0,4.0,409.0,,0,376.0,-6.0,4.26,47.87,47.87,1.081,12.162,5.405,0.27,89.189,0,other
Burger King,OREO® Cookie Cheesecake,350.0,170.0,18.0,8.0,0.0,35.0,310.0,41.0,1.0,25.0,6.0,377.0,,0,350.0,0.0,6.86,46.86,46.29,1.714,11.714,5.143,0.286,88.571,0,other
Burger King,Soft Serve Cup,170.0,40.0,4.5,3.0,0.0,20.0,150.0,28.0,0.0,24.0,5.0,192.0,,0,172.5,-2.5,11.59,64.93,23.48,2.941,16.471,2.647,0.0,88.235,1,other
Burger King,HERSHEY®’s Chocolate Sundae,260.0,45.0,5.0,3.0,0.0,20.0,160.0,49.0,1.0,43.0,5.0,301.0,,0,261.0,-1.0,7.66,75.1,17.24,1.923,18.846,1.923,0.385,61.538,1,beverage
Burger King,Caramel Sundae,240.0,50.0,5.0,3.5,0.0,20.0,210.0,42.0,0.0,33.0,5.0,272.0,,0,233.0,7.0,8.58,72.1,19.31,2.083,17.5,2.083,0.0,87.5,1,dessert
Burger King,Chocolate Chip Cookies (each),160.0,70.0,8.0,4.0,0.0,10.0,125.0,24.0,1.0,15.0,2.0,177.0,,0,176.0,-16.0,4.55,54.55,40.91,1.25,15.0,5.0,0.625,78.125,1,beverage
Burger King,CROISSAN’WICH® Egg & Cheese,340.0,170.0,18.0,8.0,0.0,160.0,610.0,29.0,1.0,4.0,12.0,340.0,,0,326.0,14.0,14.72,35.58,49.69,3.529,8.529,5.294,0.294,179.412,0,other
Burger King,"CROISSAN’WICH® Sausage, Egg & Cheese",500.0,300.0,33.0,13.0,0.0,195.0,930.0,30.0,1.0,4.0,19.0,498.0,,0,493.0,7.0,15.42,24.34,60.24,3.8,6.0,6.6,0.2,186.0,0,other
Burger King,"CROISSAN’WICH® Ham, Egg & Cheese",370.0,170.0,19.0,8.0,0.0,175.0,1030.0,30.0,1.0,5.0,17.0,366.0,,0,359.0,11.0,18.94,33.43,47.63,4.595,8.108,5.135,0.27,278.378,0,other
Burger King,"CROISSAN’WICH® Bacon, Egg & Cheese",370.0,190.0,21.0,9.0,0.0,170.0,760.0,30.0,1.0,4.0,14.0,369.0,,0,365.0,5.0,15.34,32.88,51.78,3.784,8.108,5.676,0.27,205.405,0,other
Burger King,Fully Loaded CROISSAN’WICH®,610.0,360.0,40.0,17.0,0.5,225.0,1680.0,31.0,1.0,5.0,28.0,604.0,,0,596.0,14.0,18.79,20.81,60.4,4.59,5.082,6.557,0.164,275.41,0,other
Burger King,Double CROISSAN’WICH® with Sausage & Bacon,580.0,340.0,40.0,16.0,0.5,215.0,1260.0,31.0,1.0,5.0,23.0,578.0,,0,576.0,4.0,15.97,21.53,62.5,3.966,5.345,6.897,0.172,217.241,0,other
Burger King,Double CROISSAN’WICH® with Sausage,710.0,470.0,52.0,20.0,0.5,240.0,1420.0,31.0,1.0,5.0,29.0,706.0,,0,708.0,2.0,16.38,17.51,66.1,4.085,4.366,7.324,0.141,200.0,0,other
Burger King,Double CROISSAN’WICH® with Ham & Sausage,580.0,340.0,38.0,16.0,0.5,220.0,1530.0,31.0,1.0,5.0,27.0,574.0,,0,574.0,6.0,18.82,21.6,59.58,4.655,5.345,6.552,0.172,263.793,0,other
Burger King,Fully Loaded Biscuit,640.0,400.0,45.0,20.0,0.0,225.0,2190.0,31.0,1.0,4.0,28.0,636.0,,0,641.0,-1.0,17.47,19.34,63.18,4.375,4.844,7.031,0.156,342.188,0,other
Burger King,"Ham, Egg, & Cheese Biscuit",400.0,210.0,24.0,12.0,0.0,175.0,1550.0,29.0,1.0,3.0,17.0,398.0,,0,400.0,0.0,17.0,29.0,54.0,4.25,7.25,6.0,0.25,387.5,0,other
Burger King,"Sausage, Egg, & Cheese Biscuit",530.0,340.0,38.0,17.0,0.0,195.0,1440.0,29.0,1.0,3.0,19.0,531.0,,0,534.0,-4.0,14.23,21.72,64.04,3.585,5.472,7.17,0.189,271.698,0,other
Burger King,"Bacon, Egg & Cheese Biscuit",400.0,230.0,26.0,13.0,0.0,170.0,1270.0,29.0,1.0,3.0,13.0,403.0,,0,402.0,-2.0,12.94,28.86,58.21,3.25,7.25,6.5,0.25,317.5,0,other
Burger King,Sausage Biscuit,420.0,250.0,28.0,6.0,0.0,35.0,1050.0,28.0,1.0,2.0,12.0,416.0,,0,412.0,8.0,11.65,27.18,61.17,2.857,6.667,6.667,0.238,250.0,0,other
Burger King,Breakfast Burrito Jr.,370.0,210.0,23.0,8.0,0.0,150.0,930.0,27.0,3.0,2.0,15.0,365.0,,0,375.0,-5.0,16.0,28.8,55.2,4.054,7.297,6.216,0.811,251.351,0,other
Burger King,EGG-NORMOUS BURRITOΡ,780.0,380.0,42.0,15.0,0.0,355.0,1960.0,68.0,3.0,4.0,32.0,767.0,,0,778.0,2.0,16.45,34.96,48.59,4.103,8.718,5.385,0.385,251.282,0,other
Burger King,BK™ Ultimate Breakfast Platter,930.0,390.0,44.0,11.0,0.0,390.0,2230.0,110.0,4.0,40.0,24.0,957.0,,0,932.0,-2.0,10.3,47.21,42.49,2.581,11.828,4.731,0.43,239.785,0,other
Burger King,NY Ultimate Platter (Regional menu item),900.0,420.0,46.0,12.0,0.0,380.0,1760.0,95.0,5.0,31.0,25.0,918.0,,0,894.0,6.0,11.19,42.51,46.31,2.778,10.556,5.111,0.556,195.556,0,other
Burger King,Pancake and Sausage platter,610.0,280.0,31.0,9.0,0.0,80.0,1010.0,72.0,1.0,30.0,12.0,637.0,,0,615.0,-5.0,7.8,46.83,45.37,1.967,11.803,5.082,0.164,165.574,0,other
Burger King,Hash Browns – small,250.0,150.0,16.0,3.5,0.0,0.0,580.0,24.0,3.0,0.0,2.0,252.0,,0,248.0,2.0,3.23,38.71,58.06,0.8,9.6,6.4,1.2,232.0,1,other
Burger King,Hash Browns – medium,500.0,290.0,33.0,7.0,0.0,0.0,1140.0,48.0,7.0,0.0,4.0,503.0,,0,505.0,-5.0,3.17,38.02,58.81,0.8,9.6,6.6,1.4,228.0,0,other
Burger King,Hash Browns – large,670.0,390.0,44.0,9.0,0.0,0.0,1530.0,65.0,9.0,0.0,5.0,674.0,,0,676.0,-6.0,2.96,38.46,58.58,0.746,9.701,6.567,1.343,228.358,0,other
Burger King,French Toast Sticks (3 piece),230.0,100.0,11.0,2.0,0.0,0.0,260.0,29.0,1.0,8.0,3.0,237.0,,0,227.0,3.0,5.29,51.1,43.61,1.304,12.609,4.783,0.435,113.043,1,other
Burger King,French Toast Sticks (5 piece),380.0,160.0,18.0,3.0,0.0,0.0,430.0,49.0,2.0,13.0,5.0,391.0,,0,378.0,2.0,5.29,51.85,42.86,1.316,12.895,4.737,0.526,113.158,1,other
Burger King,American Cheese (slice),40.0,30.0,3.5,2.0,0.0,10.0,180.0,1.0,0.0,0.0,2.0,40.0,,0,43.5,-3.5,18.39,9.2,72.41,5.0,2.5,8.75,0.0,450.0,1,other
Burger King,Ketchup (Packet),10.0,0.0,0.0,0.0,0.0,0.0,125.0,3.0,0.0,2.0,0.0,12.0,,0,12.0,-2.0,0.0,100.0,0.0,0.0,30.0,0.0,0.0,1250.0,1,other
Burger King,Mayonnaise (Packet),80.0,80.0,9.0,0.5,0.0,10.0,75.0,1.0,0.0,0.0,0.0,81.0,,0,85.0,-5.0,0.0,4.71,95.29,0.0,1.25,11.25,0.0,93.75,1,other
Burger King,Strawberry or Grape Jam (packet),30.0,0.0,0.0,0.0,0.0,0.0,0.0,7.0,0.0,6.0,0.0,36.0,,0,28.0,2.0,0.0,100.0,0.0,0.0,23.333,0.0,0.0,0.0,1,other
Burger King,Breakfast Syrup (1 oz),120.0,0.0,0.0,0.0,0.0,0.0,15.0,30.0,0.0,18.0,0.0,138.0,,0,120.0,0.0,0.0,100.0,0.0,0.0,25.0,0.0,0.0,12.5,1,other
Burger King,Barbecue Dipping Sauce (1 oz),40.0,0.0,0.0,0.0,0.0,0.0,310.0,11.0,0.0,10.0,0.0,50.0,,0,44.0,-4.0,0.0,100.0,0.0,0.0,27.5,0.0,0.0,775.0,1,other
Burger King,Ranch Dipping Sauce (1 oz),140.0,140.0,15.0,2.5,0.0,10.0,85.0,1.0,0.0,1.0,1.0,143.0,,0,143.0,-3.0,2.8,2.8,94.41,0.714,0.714,10.714,0.0,60.714,1,other
Burger King,Buffalo Dipping Sauce (1 oz),80.0,70.0,8.0,1.5,0.0,5.0,360.0,2.0,0.0,1.0,0.0,83.0,,0,80.0,0.0,0.0,10.0,90.0,0.0,2.5,10.0,0.0,450.0,1,other
Burger King,Zesty Onion Ring Dipping Sauce (1 oz),150.0,140.0,15.0,2.5,0.0,20.0,240.0,3.0,0.0,0.0,0.0,153.0,,0,147.0,3.0,0.0,8.16,91.84,0.0,2.0,10.0,0.0,160.0,1,other
Burger King,Honey Mustard Dipping Sauce (1oz),90.0,60.0,6.0,1.0,0.0,10.0,180.0,8.0,0.0,7.0,0.0,98.0,,0,86.0,4.0,0.0,37.21,62.79,0.0,8.889,6.667,0.0,200.0,1,other
Burger King,Smoothie: Strawberry Banana 16 fl oz,310.0,10.0,1.0,0.0,0.0,0.0,55.0,71.0,3.0,50.0,4.0,356.0,,0,309.0,1.0,5.18,91.91,2.91,1.29,22.903,0.323,0.968,17.742,1,other
Burger King,Oreo® Shake,720.0,180.0,20.0,12.0,0.5,65.0,540.0,118.0,1.0,98.0,16.0,814.0,,0,716.0,4.0,8.94,65.92,25.14,2.222,16.389,2.778,0.139,75.0,0,beverage
Burger King,Chocolate Oreo® Shake,740.0,190.0,22.0,13.0,0.5,70.0,680.0,121.0,1.0,101.0,17.0,837.0,,0,750.0,-10.0,9.07,64.53,26.4,2.297,16.351,2.973,0.135,91.892,0,beverage
Burger King,Vanilla Milk Shake,580.0,140.0,15.0,10.0,0.0,60.0,420.0,98.0,0.0,85.0,14.0,661.0,,0,583.0,-3.0,9.61,67.24,23.16,2.414,16.897,2.586,0.0,72.414,0,beverage
Burger King,HERSHEY®’S Chocolate Milk Shake,610.0,140.0,16.0,10.0,0.0,60.0,500.0,103.0,1.0,88.0,14.0,694.0,,0,612.0,-2.0,9.15,67.32,23.53,2.295,16.885,2.623,0.164,81.967,0,beverage
Burger King,Strawberry Milk Shake,640.0,140.0,15.0,10.0,0.0,60.0,440.0,113.0,0.0,99.0,14.0,735.0,,0,643.0,-3.0,8.71,70.3,21.0,2.188,17.656,2.344,0.0,68.75,0,beverage
Burger King,16 fl oz,210.0,0.0,0.0,0.0,0.0,0.0,50.0,58.0,0.0,58.0,0.0,268.0,,0,232.0,-22.0,0.0,100.0,0.0,0.0,27.619,0.0,0.0,23.81,1,other
Burger King,20 fl oz,270.0,0.0,0.0,0.0,0.0,0.0,60.0,73.0,0.0,73.0,0.0,343.0,,0,292.0,-22.0,0.0,100.0,0.0,0.0,27.037,0.0,0.0,22.222,1,other
Burger King,29 fl oz,290.0,0.0,0.0,0.0,0.0,0.0,85.0,105.0,0.0,105.0,0.0,395.0,,0,420.0,-130.0,0.0,100.0,0.0,0.0,36.207,0.0,0.0,29.31,1,other
Burger King,38 fl oz,510.0,0.0,0.0,0.0,0.0,0.0,115.0,138.0,0.0,138.0,0.0,648.0,,0,552.0,-42.0,0.0,100.0,0.0,0.0,27.059,0.0,0.0,22.549,0,other
Burger King,16 fl oz,0.0,0.0,0.0,0.0,0.0,0.0,70.0,0.0,0.0,0.0,0.0,0.0,,0,0.0,0.0,,,,,,,,,1,other
Burger King,20 fl oz,0.0,0.0,0.0,0.0,0.0,0.0,85.0,0.0,0.0,0.0,0.0,0.0,,0,0.0,0.0,,,,,,,,,1,other
Burger King,29 fl oz,0.0,0.0,0.0,0.0,0.0,0.0,120.0,0.0,0.0,0.0,0.0,0.0,,0,0.0,0.0,,,,,,,,,1,other
Burger King,38 fl oz,0.0,0.0,0.0,0.0,0.0,0.0,160.0,0.0,0.0,0.0,0.0,0.0,,0,0.0,0.0,,,,,,,,,1,other
Burger King,16 fl oz,210.0,0.0,0.0,0.0,0.0,0.0,95.0,56.0,0.0,56.0,0.0,266.0,,0,224.0,-14.0,0.0,100.0,0.0,0.0,26.667,0.0,0.0,45.238,1,other
Burger King,20 fl oz,260.0,0.0,0.0,0.0,0.0,0.0,120.0,70.0,0.0,70.0,0.0,330.0,,0,280.0,-20.0,0.0,100.0,0.0,0.0,26.923,0.0,0.0,46.154,1,other
Burger King,29 fl oz,380.0,0.0,0.0,0.0,0.0,0.0,170.0,102.0,0.0,102.0,0.0,482.0,,0,408.0,-28.0,0.0,100.0,0.0,0.0,26.842,0.0,0.0,44.737,1,other
Burger King,38 fl oz,500.0,0.0,0.0,0.0,0.0,0.0,230.0,133.0,0.0,133.0,0.0,633.0,,0,532.0,-32.0,0.0,100.0,0.0,0.0,26.6,0.0,0.0,46.0,0,other
Burger King,16 fl oz,190.0,0.0,0.0,0.0,0.0,0.0,60.0,52.0,0.0,51.0,0.0,241.0,,0,208.0,-18.0,0.0,100.0,0.0,0.0,27.368,0.0,0.0,31.579,1,other
Burger King,20 fl oz,240.0,0.0,0.0,0.0,0.0,0.0,75.0,65.0,0.0,64.0,0.0,304.0,,0,260.0,-20.0,0.0,100.0,0.0,0.0,27.083,0.0,0.0,31.25,1,other
Burger King,29 fl oz,350.0,0.0,0.0,0.0,0.0,0.0,105.0,94.0,0.0,93.0,0.0,443.0,,0,376.0,-26.0,0.0,100.0,0.0,0.0,26.857,0.0,0.0,30.0,1,other
Burger King,38 fl oz,450.0,0.0,0.0,0.0,0.0,0.0,140.0,124.0,0.0,121.0,0.0,571.0,,0,496.0,-46.0,0.0,100.0,0.0,0.0,27.556,0.0,0.0,31.111,0,other
Burger King,16 fl oz,240.0,0.0,0.0,0.0,0.0,0.0,100.0,65.0,0.0,65.0,0.0,305.0,,0,260.0,-20.0,0.0,100.0,0.0,0.0,27.083,0.0,0.0,41.667,1,other
Burger King,20 fl oz,300.0,0.0,0.0,0.0,0.0,0.0,120.0,81.0,0.0,81.0,0.0,381.0,,0,324.0,-24.0,0.0,100.0,0.0,0.0,27.0,0.0,0.0,40.0,1,other
Burger King,29 fl oz,350.0,0.0,0.0,0.0,0.0,0.0,180.0,118.0,0.0,118.0,0.0,468.0,,0,472.0,-122.0,0.0,100.0,0.0,0.0,33.714,0.0,0.0,51.429,1,other
Burger King,38 fl oz,450.0,0.0,0.0,0.0,0.0,0.0,230.0,155.0,0.0,155.0,0.0,605.0,,0,620.0,-170.0,0.0,100.0,0.0,0.0,34.444,0.0,0.0,51.111,0,other
Burger King,16 fl oz,220.0,0.0,0.0,0.0,0.0,0.0,55.0,61.0,0.0,61.0,0.0,281.0,,0,244.0,-24.0,0.0,100.0,0.0,0.0,27.727,0.0,0.0,25.0,1,other
Burger King,20 fl oz,280.0,0.0,0.0,0.0,0.0,0.0,70.0,76.0,0.0,76.0,0.0,356.0,,0,304.0,-24.0,0.0,100.0,0.0,0.0,27.143,0.0,0.0,25.0,1,other
Burger King,29 fl oz,410.0,0.0,0.0,0.0,0.0,0.0,100.0,110.0,0.0,110.0,0.0,520.0,,0,440.0,-30.0,0.0,100.0,0.0,0.0,26.829,0.0,0.0,24.39,0,other
Burger King,38 fl oz,450.0,0.0,0.0,0.0,0.0,0.0,130.0,145.0,0.0,145.0,0.0,595.0,,0,580.0,-130.0,0.0,100.0,0.0,0.0,32.222,0.0,0.0,28.889,0,other
Burger King,16 fl oz,230.0,0.0,0.0,0.0,0.0,0.0,60.0,62.0,0.0,61.0,0.0,291.0,,0,248.0,-18.0,0.0,100.0,0.0,0.0,26.957,0.0,0.0,26.087,1,other
Burger King,20 fl oz,280.0,0.0,0.0,0.0,0.0,0.0,70.0,78.0,0.0,77.0,0.0,357.0,,0,312.0,-32.0,0.0,100.0,0.0,0.0,27.857,0.0,0.0,25.0,1,other
Burger King,29 fl oz,410.0,0.0,0.0,0.0,0.0,0.0,105.0,113.0,0.0,111.0,0.0,521.0,,0,452.0,-42.0,0.0,100.0,0.0,0.0,27.561,0.0,0.0,25.61,0,other
Burger King,38 fl oz,530.0,0.0,0.0,0.0,0.0,0.0,135.0,148.0,0.0,146.0,0.0,676.0,,0,592.0,-62.0,0.0,100.0,0.0,0.0,27.925,0.0,0.0,25.472,0,other
Burger King,16 fl oz,220.0,0.0,0.0,0.0,0.0,0.0,75.0,62.0,0.0,60.0,0.0,280.0,,0,248.0,-28.0,0.0,100.0,0.0,0.0,28.182,0.0,0.0,34.091,1,other
Burger King,20 fl oz,280.0,0.0,0.0,0.0,0.0,0.0,95.0,77.0,0.0,75.0,0.0,355.0,,0,308.0,-28.0,0.0,100.0,0.0,0.0,27.5,0.0,0.0,33.929,1,other
Burger King,29 fl oz,410.0,0.0,0.0,0.0,0.0,0.0,135.0,111.0,0.0,109.0,0.0,519.0,,0,444.0,-34.0,0.0,100.0,0.0,0.0,27.073,0.0,0.0,32.927,0,other
Burger King,38 fl oz,450.0,0.0,0.0,0.0,0.0,0.0,180.0,146.0,0.0,143.0,0.0,593.0,,0,584.0,-134.0,0.0,100.0,0.0,0.0,32.444,0.0,0.0,40.0,0,other
Burger King,16 fl oz,10.0,0.0,0.0,0.0,0.0,0.0,60.0,3.0,0.0,0.0,0.0,0.0,,0,12.0,-2.0,0.0,100.0,0.0,0.0,30.0,0.0,0.0,600.0,1,other
Burger King,20 fl oz,10.0,0.0,0.0,0.0,0.0,0.0,70.0,4.0,0.0,0.0,0.0,0.0,,0,16.0,-6.0,0.0,100.0,0.0,0.0,40.0,0.0,0.0,700.0,1,other
Burger King,29 fl oz,15.0,0.0,0.0,0.0,0.0,0.0,105.0,5.0,0.0,0.0,0.0,0.0,,0,20.0,-5.0,0.0,100.0,0.0,0.0,33.333,0.0,0.0,700.0,1,other
Burger King,38 fl oz,20.0,0.0,0.0,0.0,0.0,0.0,135.0,7.0,0.0,0.0,0.0,0.0,,0,28.0,-8.0,0.0,100.0,0.0,0.0,35.0,0.0,0.0,675.0,1,other
Burger King,20 fl oz,120.0,0.0,0.0,0.0,0.0,0.0,0.0,35.0,0.0,35.0,0.0,155.0,,0,140.0,-20.0,0.0,100.0,0.0,0.0,29.167,0.0,0.0,0.0,1,other
Burger King,29 fl oz,160.0,0.0,0.0,0.0,0.0,0.0,0.0,49.0,0.0,49.0,0.0,209.0,,0,196.0,-36.0,0.0,100.0,0.0,0.0,30.625,0.0,0.0,0.0,1,other
Burger King,40 fl oz,240.0,0.0,0.0,0.0,0.0,0.0,0.0,71.0,0.0,71.0,0.0,311.0,,0,284.0,-44.0,0.0,100.0,0.0,0.0,29.583,0.0,0.0,0.0,1,other
Burger King,Capri Sun® 100% Apple Juice,80.0,0.0,0.0,0.0,0.0,0.0,25.0,20.0,0.0,20.0,0.0,100.0,,0,80.0,0.0,0.0,100.0,0.0,0.0,25.0,0.0,0.0,31.25,1,other
Burger King,Minute Maid® Orange Juice,140.0,0.0,0.0,0.0,0.0,0.0,20.0,33.0,0.0,30.0,2.0,168.0,,0,140.0,0.0,5.71,94.29,0.0,1.429,23.571,0.0,0.0,14.286,1,other
Burger King,Frozen Coke® – 16 oz,130.0,0.0,0.0,0.0,0.0,0.0,50.0,35.0,0.0,35.0,0.0,165.0,,0,140.0,-10.0,0.0,100.0,0.0,0.0,26.923,0.0,0.0,38.462,1,other
Burger King,BK® Café Iced Vanilla Coffee- 12 fl oz,150.0,70.0,8.0,4.0,0.0,25.0,30.0,21.0,0.0,21.0,1.0,174.0,,0,160.0,-10.0,2.5,52.5,45.0,0.667,14.0,5.333,0.0,20.0,1,beverage
Burger King,BK® Café Iced Vanilla Coffee- 16 fl oz,200.0,90.0,10.0,5.0,0.0,30.0,40.0,27.0,0.0,27.0,2.0,230.0,,0,206.0,-6.0,3.88,52.43,43.69,1.0,13.5,5.0,0.0,20.0,1,beverage
Burger King,BK® Café Iced Vanilla Coffee- 20 fl oz,260.0,110.0,13.0,7.0,0.0,40.0,50.0,34.0,0.0,34.0,2.0,299.0,,0,261.0,-1.0,3.07,52.11,44.83,0.769,13.077,5.0,0.0,19.231,0,beverage
Burger King,BK® Café Iced Mocha Coffee- 12 fl oz,180.0,70.0,8.0,4.0,0.0,25.0,40.0,27.0,1.0,25.0,2.0,207.0,,0,188.0,-8.0,4.26,57.45,38.3,1.111,15.0,4.444,0.556,22.222,1,beverage
Burger King,BK® Café Iced Mocha Coffee- 16 fl oz,240.0,90.0,10.0,6.0,0.0,30.0,55.0,35.0,1.0,32.0,2.0,276.0,,0,238.0,2.0,3.36,58.82,37.82,0.833,14.583,4.167,0.417,22.917,0,beverage
Burger King,BK® Café Iced Mocha Coffee- 20 fl oz,300.0,120.0,13.0,7.0,0.0,40.0,70.0,45.0,2.0,41.0,3.0,345.0,,0,309.0,-9.0,3.88,58.25,37.86,1.0,15.0,4.333,0.667,23.333,0,beverage
Burger King,BK® Café Mocha Frappe- 12 fl oz,300.0,80.0,8.0,5.0,0.0,30.0,200.0,50.0,1.0,41.0,7.0,339.0,,0,300.0,0.0,9.33,66.67,24.0,2.333,16.667,2.667,0.333,66.667,1,other
Burger King,BK® Café Mocha Frappe- 16 fl oz,400.0,90.0,10.0,7.0,0.0,40.0,270.0,68.0,1.0,58.0,9.0,456.0,,0,398.0,2.0,9.05,68.34,22.61,2.25,17.0,2.5,0.25,67.5,0,other
Burger King,BK® Café Mocha Frappe- 20 fl oz,510.0,110.0,13.0,8.0,0.0,50.0,350.0,87.0,1.0,71.0,12.0,577.0,,0,513.0,-3.0,9.36,67.84,22.81,2.353,17.059,2.549,0.196,68.627,0,other
Burger King,BK® Café Caramel Frappe- 12 fl oz,300.0,80.0,8.0,5.0,0.0,35.0,210.0,50.0,0.0,41.0,7.0,339.0,,0,300.0,0.0,9.33,66.67,24.0,2.333,16.667,2.667,0.0,70.0,1,other
Burger King,BK® Café Caramel Frappe- 16 fl oz,400.0,90.0,10.0,7.0,0.0,40.0,280.0,68.0,0.0,56.0,9.0,454.0,,0,398.0,2.0,9.05,68.34,22.61,2.25,17.0,2.5,0.0,70.0,0,other
Burger King,BK® Café Caramel Frappe- 20 fl oz,500.0,110.0,12.0,8.0,0.0,50.0,350.0,86.0,0.0,71.0,11.0,568.0,,0,496.0,4.0,8.87,69.35,21.77,2.2,17.2,2.4,0.0,70.0,0,other
Wendy’s,Baconator,950.0,80.0,62.0,24.0,3.0,205.0,1630.0,40.0,2.0,8.0,59.0,923.0,,0,954.0,-4.0,24.74,16.77,58.49,6.211,4.211,6.526,0.211,171.579,0,other
Wendy’s,Dave’s Double,810.0,80.0,51.0,20.0,3.0,175.0,1280.0,41.0,3.0,8.0,49.0,789.0,,0,819.0,-9.0,23.93,20.02,56.04,6.049,5.062,6.296,0.37,158.025,0,other
Wendy’s,Dave’s Single,570.0,80.0,34.0,13.0,1.5,100.0,1110.0,40.0,3.0,9.0,30.0,562.0,,0,586.0,-16.0,20.48,27.3,52.22,5.263,7.018,5.965,0.526,194.737,0,other
Wendy’s,Dave’s Triple,1090.0,80.0,72.0,30.0,4.0,260.0,1650.0,43.0,3.0,9.0,71.0,1058.0,,0,1104.0,-14.0,25.72,15.58,58.7,6.514,3.945,6.606,0.275,151.376,0,other
Wendy’s,Double Stack,390.0,80.0,21.0,9.0,1.5,90.0,740.0,26.0,1.0,6.0,25.0,380.0,,0,393.0,-3.0,25.45,26.46,48.09,6.41,6.667,5.385,0.256,189.744,0,other
Wendy’s,Jr. Bacon Cheeseburger,380.0,80.0,22.0,8.0,1.0,65.0,680.0,25.0,1.0,5.0,19.0,374.0,,0,374.0,6.0,20.32,26.74,52.94,5.0,6.579,5.789,0.263,178.947,0,burger
Wendy’s,Jr. Cheeseburger,280.0,80.0,13.0,6.0,1.0,50.0,660.0,26.0,1.0,6.0,16.0,276.0,,0,285.0,-5.0,22.46,36.49,41.05,5.714,9.286,4.643,0.357,235.714,0,burger
Wendy’s,Jr. Cheeseburger Deluxe,340.0,80.0,19.0,7.0,1.0,55.0,660.0,27.0,2.0,7.0,16.0,338.0,,0,343.0,-3.0,18.66,31.49,49.85,4.706,7.941,5.588,0.588,194.118,0,burger
Wendy’s,Son of Baconator,630.0,80.0,39.0,15.0,1.5,125.0,1280.0,37.0,2.0,7.0,34.0,618.0,,0,635.0,-5.0,21.42,23.31,55.28,5.397,5.873,6.19,0.317,203.175,0,other
Wendy’s,3 Piece Chicken Tenders,330.0,80.0,16.0,2.5,0.0,75.0,1010.0,22.0,0.0,0.0,24.0,309.0,,0,328.0,2.0,29.27,26.83,43.9,7.273,6.667,4.848,0.0,306.061,0,chicken
Wendy’s,4 Piece Chicken Nuggets,170.0,80.0,11.0,2.0,0.0,35.0,340.0,10.0,0.0,0.0,9.0,163.0,,0,175.0,-5.0,20.57,22.86,56.57,5.294,5.882,6.471,0.0,200.0,1,chicken
Wendy’s,4 Piece Chicken Tenders,430.0,80.0,21.0,3.5,0.0,100.0,1350.0,29.0,0.0,1.0,32.0,403.0,,0,433.0,-3.0,29.56,26.79,43.65,7.442,6.744,4.884,0.0,313.953,0,chicken
Wendy’s,6 Picece Chicken Nuggets,250.0,80.0,16.0,3.5,0.0,50.0,510.0,14.0,1.0,0.0,13.0,241.0,,0,252.0,-2.0,20.63,22.22,57.14,5.2,5.6,6.4,0.4,204.0,1,chicken
Wendy’s,6 Piece Chicken Tenders,650.0,80.0,32.0,5.0,0.0,150.0,2020.0,43.0,0.0,1.0,48.0,608.0,,0,652.0,-2.0,29.45,26.38,44.17,7.385,6.615,4.923,0.0,310.769,0,chicken
Wendy’s,10 Piece Chicken Nuggets,420.0,80.0,27.0,5.0,0.0,80.0,850.0,24.0,1.0,0.0,22.0,403.0,,0,427.0,-7.0,20.61,22.48,56.91,5.238,5.714,6.429,0.238,202.381,0,chicken
Wendy’s,Crispy Chicken BLT,420.0,80.0,23.0,6.0,0.0,50.0,950.0,35.0,2.0,5.0,20.0,411.0,,0,427.0,-7.0,18.74,32.79,48.48,4.762,8.333,5.476,0.476,226.19,0,chicken
Wendy’s,Crispy Chicken Sandwich,330.0,80.0,16.0,3.0,0.0,30.0,600.0,33.0,2.0,4.0,14.0,323.0,,0,332.0,-2.0,16.87,39.76,43.37,4.242,10.0,4.848,0.606,181.818,1,sandwich
Wendy’s,Grilled Asiago Ranch Club,530.0,80.0,23.0,7.0,0.0,120.0,1220.0,36.0,3.0,6.0,43.0,500.0,,0,523.0,7.0,32.89,27.53,39.58,8.113,6.792,4.34,0.566,230.189,0,other
Wendy’s,Grilled Chicken Sandwich,370.0,80.0,10.0,2.0,0.0,90.0,830.0,38.0,3.0,8.0,34.0,346.0,,0,378.0,-8.0,35.98,40.21,23.81,9.189,10.27,2.703,0.811,224.324,0,sandwich
Wendy’s,Grilled Chicken Wrap,270.0,80.0,10.0,3.5,0.0,55.0,640.0,24.0,2.0,3.0,20.0,257.0,,0,266.0,4.0,30.08,36.09,33.83,7.407,8.889,3.704,0.741,237.037,0,wrap
Wendy’s,Homestyle Asiago Ranch Chicken Club,660.0,80.0,34.0,9.0,0.0,100.0,1650.0,52.0,3.0,7.0,38.0,638.0,,0,666.0,-6.0,22.82,31.23,45.95,5.758,7.879,5.152,0.455,250.0,0,chicken
Wendy’s,Homestyle Chicken Sandwich,510.0,80.0,22.0,4.0,0.0,70.0,1150.0,51.0,3.0,6.0,28.0,492.0,,0,514.0,-4.0,21.79,39.69,38.52,5.49,10.0,4.314,0.588,225.49,0,sandwich
Wendy’s,S’Awesome Sauce,120.0,80.0,12.0,2.0,0.0,0.0,170.0,4.0,1.0,3.0,1.0,124.0,,0,128.0,-8.0,3.12,12.5,84.38,0.833,3.333,10.0,0.833,141.667,1,other
Wendy’s,Spicy Asiago Ranch Club,670.0,80.0,32.0,9.0,0.0,100.0,1530.0,55.0,4.0,6.0,38.0,647.0,,0,660.0,10.0,23.03,33.33,43.64,5.672,8.209,4.776,0.597,228.358,0,other
Wendy’s,Spicy Chicken Sandwich,510.0,80.0,20.0,3.5,0.0,65.0,1030.0,54.0,4.0,6.0,29.0,491.0,,0,512.0,-2.0,22.66,42.19,35.16,5.686,10.588,3.922,0.784,201.961,0,sandwich
Wendy’s,Spicy Chicken Wrap,370.0,80.0,20.0,5.0,0.0,50.0,850.0,30.0,2.0,2.0,18.0,359.0,,0,372.0,-2.0,19.35,32.26,48.39,4.865,8.108,5.405,0.541,229.73,0,wrap
Wendy’s,"Apple Pecan Chicken Salad, Full Size",560.0,80.0,24.0,7.0,0.0,115.0,1020.0,52.0,7.0,40.0,38.0,569.0,,0,576.0,-16.0,26.39,36.11,37.5,6.786,9.286,4.286,1.25,182.143,0,salad
Wendy’s,"Apple Pecan Chicken Salad, Half Size",340.0,80.0,17.0,4.0,0.0,55.0,550.0,29.0,4.0,22.0,20.0,346.0,,0,349.0,-9.0,22.92,33.24,43.84,5.882,8.529,5.0,1.176,161.765,1,salad
Wendy’s,"Berry Burst Chicken Salad, Full Size",460.0,80.0,17.0,4.5,0.0,105.0,1090.0,41.0,7.0,29.0,41.0,453.0,,0,481.0,-21.0,34.1,34.1,31.81,8.913,8.913,3.696,1.522,236.957,0,salad
Wendy’s,"Berry Burst Chicken Salad, Half Size",290.0,80.0,13.0,2.5,0.0,50.0,570.0,23.0,5.0,15.0,23.0,285.0,,0,301.0,-11.0,30.56,30.56,38.87,7.931,7.931,4.483,1.724,196.552,1,salad
Wendy’s,Caesar Side Salad,240.0,80.0,15.0,4.0,0.0,30.0,500.0,19.0,3.0,4.0,8.0,240.0,,0,243.0,-3.0,13.17,31.28,55.56,3.333,7.917,6.25,1.25,208.333,1,salad
Wendy’s,Garden Side Salad,250.0,80.0,18.0,4.0,0.0,20.0,460.0,18.0,2.0,4.0,7.0,251.0,,0,262.0,-12.0,10.69,27.48,61.83,2.8,7.2,7.2,0.8,184.0,1,salad
Wendy’s,"Southwest Avocado Chicken Salad, Full Size",600.0,80.0,41.0,11.0,0.0,135.0,1220.0,18.0,7.0,7.0,42.0,576.0,,0,609.0,-9.0,27.59,11.82,60.59,7.0,3.0,6.833,1.167,203.333,0,salad
Wendy’s,"Southwest Avocado Chicken Salad, Half Size",300.0,80.0,20.0,6.0,0.0,70.0,620.0,10.0,4.0,4.0,21.0,289.0,,0,304.0,-4.0,27.63,13.16,59.21,7.0,3.333,6.667,1.333,206.667,0,salad
Wendy’s,"Spicy Caesar Chicken Salad, Full Size",720.0,80.0,42.0,12.0,1.0,150.0,1680.0,44.0,8.0,6.0,42.0,696.0,,0,722.0,-2.0,23.27,24.38,52.35,5.833,6.111,5.833,1.111,233.333,0,salad
Wendy’s,"Spicy Caesar Chicken Salad, Half Size",410.0,80.0,23.0,6.0,0.5,75.0,930.0,30.0,5.0,4.0,23.0,397.0,,0,419.0,-9.0,21.96,28.64,49.4,5.61,7.317,5.61,1.22,226.829,0,salad
Wendy’s,"Taco Salad, Full Size",660.0,80.0,32.0,13.0,1.0,85.0,1820.0,63.0,10.0,18.0,32.0,659.0,,0,668.0,-8.0,19.16,37.72,43.11,4.848,9.545,4.848,1.515,275.758,0,salad
Wendy’s,"Taco Salad, Half Size",470.0,80.0,23.0,8.0,0.5,45.0,1320.0,49.0,7.0,12.0,19.0,471.0,,0,479.0,-9.0,15.87,40.92,43.22,4.043,10.426,4.894,1.489,280.851,0,salad
Wendy’s,Apple Bites,35.0,80.0,0.0,0.0,0.0,0.0,0.0,9.0,2.0,7.0,0.0,42.0,,0,36.0,-1.0,0.0,100.0,0.0,0.0,25.714,0.0,5.714,0.0,1,other
Wendy’s,Baconator Fries,490.0,80.0,28.0,9.0,0.0,35.0,550.0,45.0,4.0,2.0,14.0,487.0,,0,488.0,2.0,11.48,36.89,51.64,2.857,9.184,5.714,0.816,112.245,0,sides
Wendy’s,Bacon Cheese Baked Potato,440.0,80.0,14.0,6.0,0.0,35.0,550.0,64.0,7.0,4.0,17.0,433.0,,0,450.0,-10.0,15.11,56.89,28.0,3.864,14.545,3.182,1.591,125.0,0,other
Wendy’s,Cheese Baked Potato,430.0,80.0,13.0,7.0,0.0,30.0,560.0,65.0,7.0,5.0,14.0,428.0,,0,433.0,-3.0,12.93,60.05,27.02,3.256,15.116,3.023,1.628,130.233,0,other
Wendy’s,Chili & Cheese Baked Potato,460.0,80.0,11.0,5.0,0.0,35.0,710.0,71.0,8.0,7.0,19.0,453.0,,0,459.0,1.0,16.56,61.87,21.57,4.13,15.435,2.391,1.739,154.348,0,other
Wendy’s,"Chili, Large",250.0,80.0,7.0,3.0,0.5,50.0,1170.0,23.0,5.0,9.0,23.0,239.0,,0,247.0,3.0,37.25,37.25,25.51,9.2,9.2,2.8,2.0,468.0,0,other
Wendy’s,"Chili, Small",170.0,80.0,5.0,2.0,0.0,35.0,780.0,16.0,4.0,6.0,15.0,163.0,,0,169.0,1.0,35.5,37.87,26.63,8.824,9.412,2.941,2.353,458.824,0,other
Wendy’s,Chili Cheese Fries,500.0,80.0,25.0,8.0,0.5,35.0,710.0,53.0,6.0,4.0,16.0,496.0,,0,501.0,-1.0,12.77,42.32,44.91,3.2,10.6,5.0,1.2,142.0,0,sides
Wendy’s,"Natural-Cut Fries, Junior",230.0,80.0,10.0,2.0,0.0,0.0,15.0,30.0,3.0,0.0,3.0,229.0,,0,222.0,8.0,5.41,54.05,40.54,1.304,13.043,4.348,1.304,6.522,1,sides
Wendy’s,"Natural-Cut Fries, Large",530.0,80.0,24.0,4.5,0.0,0.0,520.0,70.0,6.0,0.0,7.0,528.0,,0,524.0,6.0,5.34,53.44,41.22,1.321,13.208,4.528,1.132,98.113,0,sides
Wendy’s,"Natural-Cut Fries, Medium",420.0,80.0,19.0,3.5,0.0,0.0,420.0,56.0,5.0,0.0,6.0,418.0,,0,419.0,1.0,5.73,53.46,40.81,1.429,13.333,4.524,1.19,100.0,0,sides
Wendy’s,"Natural-Cut Fries, Small",320.0,80.0,15.0,2.5,0.0,0.0,320.0,43.0,4.0,0.0,5.0,318.0,,0,327.0,-7.0,6.12,52.6,41.28,1.562,13.438,4.688,1.25,100.0,1,sides
Wendy’s,Plain Baked Potato,270.0,80.0,0.0,0.0,0.0,0.0,25.0,61.0,7.0,3.0,7.0,266.0,,0,272.0,-2.0,10.29,89.71,0.0,2.593,22.593,0.0,2.593,9.259,1,other
Wendy’s,Sour Cream and Chive Baked Potato,310.0,80.0,2.5,2.5,0.0,10.0,35.0,63.0,7.0,4.0,8.0,309.0,,0,306.5,3.5,10.44,82.22,7.34,2.581,20.323,0.806,2.258,11.29,1,other
Wendy’s,Summer Berry Burst Fruit Cup,20.0,80.0,0.0,0.0,0.0,0.0,0.0,5.0,1.0,3.0,0.0,23.0,,0,20.0,0.0,0.0,100.0,0.0,0.0,25.0,0.0,5.0,0.0,1,other
Wendy’s,1% Chocolate Milk,150.0,80.0,2.5,1.5,0.0,10.0,170.0,26.0,0.0,23.0,7.0,168.0,,0,154.5,-4.5,18.12,67.31,14.56,4.667,17.333,1.667,0.0,113.333,1,beverage
Wendy’s,1% White Milk,90.0,80.0,2.0,1.5,0.0,10.0,105.0,10.0,0.0,10.0,7.0,95.0,,0,86.0,4.0,32.56,46.51,20.93,7.778,11.111,2.222,0.0,116.667,1,other
Wendy’s,"All-Natural Lemonade, Large",380.0,80.0,0.0,0.0,0.0,0.0,0.0,100.0,0.0,93.0,0.0,473.0,,0,400.0,-20.0,0.0,100.0,0.0,0.0,26.316,0.0,0.0,0.0,1,other
Wendy’s,"All-Natural Lemonade, Medium",330.0,80.0,0.0,0.0,0.0,0.0,0.0,86.0,0.0,81.0,0.0,411.0,,0,344.0,-14.0,0.0,100.0,0.0,0.0,26.061,0.0,0.0,0.0,1,other
Wendy’s,"All-Natural Lemonade, Small",190.0,80.0,0.0,0.0,0.0,0.0,0.0,50.0,0.0,47.0,0.0,237.0,,0,200.0,-10.0,0.0,100.0,0.0,0.0,26.316,0.0,0.0,0.0,1,other
Wendy’s,"Apple Kiwi Fruit Tea, Large",330.0,80.0,0.0,0.0,0.0,0.0,60.0,83.0,0.0,80.0,0.0,410.0,,0,332.0,-2.0,0.0,100.0,0.0,0.0,25.152,0.0,0.0,18.182,1,beverage
Wendy’s,"Apple Kiwi Fruit Tea, Medium",300.0,80.0,0.0,0.0,0.0,0.0,50.0,76.0,0.0,73.0,0.0,373.0,,0,304.0,-4.0,0.0,100.0,0.0,0.0,25.333,0.0,0.0,16.667,1,beverage
Wendy’s,"Apple Kiwi Fruit Tea, Small",170.0,80.0,0.0,0.0,0.0,0.0,30.0,44.0,0.0,42.0,0.0,212.0,,0,176.0,-6.0,0.0,100.0,0.0,0.0,25.882,0.0,0.0,17.647,1,beverage
Wendy’s,"Barq’s Root Beer, Large",450.0,80.0,0.0,0.0,0.0,0.0,180.0,122.0,0.0,122.0,0.0,572.0,,0,488.0,-38.0,0.0,100.0,0.0,0.0,27.111,0.0,0.0,40.0,0,other
Wendy’s,"Barq’s Root Beer, Medium",360.0,80.0,0.0,0.0,0.0,0.0,150.0,98.0,0.0,98.0,0.0,458.0,,0,392.0,-32.0,0.0,100.0,0.0,0.0,27.222,0.0,0.0,41.667,1,other
Wendy’s,"Barq’s Root Beer, Small",220.0,80.0,0.0,0.0,0.0,0.0,90.0,61.0,0.0,61.0,0.0,281.0,,0,244.0,-24.0,0.0,100.0,0.0,0.0,27.727,0.0,0.0,40.909,1,other
Wendy’s,"Brewed Unsweetened Iced Tea, Large",5.0,80.0,0.0,0.0,0.0,0.0,25.0,2.0,0.0,0.0,0.0,5.0,,0,8.0,-3.0,0.0,100.0,0.0,0.0,40.0,0.0,0.0,500.0,1,beverage
Wendy’s,"Brewed Unsweetened Iced Tea, Medium",0.0,80.0,0.0,0.0,0.0,0.0,15.0,1.0,0.0,0.0,0.0,0.0,,0,4.0,-4.0,0.0,100.0,0.0,,,,,,1,beverage
Wendy’s,"Brewed Unsweetened Iced Tea, Small",0.0,80.0,0.0,0.0,0.0,0.0,10.0,1.0,0.0,0.0,0.0,0.0,,0,4.0,-4.0,0.0,100.0,0.0,,,,,,1,beverage
Wendy’s,"Caramel Iced Coffee, Medium",240.0,80.0,8.0,5.0,0.0,25.0,45.0,40.0,0.0,36.0,3.0,278.0,,0,244.0,-4.0,4.92,65.57,29.51,1.25,16.667,3.333,0.0,18.75,1,beverage
Wendy’s,"Caramel Iced Coffee, Small",160.0,80.0,6.0,3.5,0.0,20.0,30.0,26.0,0.0,24.0,2.0,186.0,,0,166.0,-6.0,4.82,62.65,32.53,1.25,16.25,3.75,0.0,18.75,1,beverage
Wendy’s,"Coca-Cola, Large",400.0,80.0,0.0,0.0,0.0,0.0,90.0,109.0,0.0,109.0,0.0,509.0,,0,436.0,-36.0,0.0,100.0,0.0,0.0,27.25,0.0,0.0,22.5,1,beverage
Wendy’s,"Coca-Cola, Medium",320.0,80.0,0.0,0.0,0.0,0.0,70.0,87.0,0.0,87.0,0.0,407.0,,0,348.0,-28.0,0.0,100.0,0.0,0.0,27.187,0.0,0.0,21.875,1,beverage
Wendy’s,"Coca-Cola, Small",200.0,80.0,0.0,0.0,0.0,0.0,45.0,54.0,0.0,54.0,0.0,254.0,,0,216.0,-16.0,0.0,100.0,0.0,0.0,27.0,0.0,0.0,22.5,1,beverage
Wendy’s,"Coca-Cola Zero Sugar, Large",0.0,80.0,0.0,0.0,0.0,0.0,100.0,1.0,0.0,0.0,0.0,0.0,,0,4.0,-4.0,0.0,100.0,0.0,,,,,,1,beverage
Wendy’s,"Coca-Cola Zero Sugar, Medium",0.0,80.0,0.0,0.0,0.0,0.0,80.0,1.0,0.0,0.0,0.0,0.0,,0,4.0,-4.0,0.0,100.0,0.0,,,,,,1,beverage
Wendy’s,"Coca-Cola Zero Sugar, Small",0.0,80.0,0.0,0.0,0.0,0.0,50.0,0.0,0.0,0.0,0.0,0.0,,0,0.0,0.0,,,,,,,,,1,beverage
Wendy’s,"Diet Coke, Large",0.0,80.0,0.0,0.0,0.0,0.0,125.0,1.0,0.0,0.0,0.0,0.0,,0,4.0,-4.0,0.0,100.0,0.0,,,,,,1,other
Wendy’s,"Diet Coke, Medium",0.0,80.0,0.0,0.0,0.0,0.0,100.0,1.0,0.0,0.0,0.0,0.0,,0,4.0,-4.0,0.0,100.0,0.0,,,,,,1,other
Wendy’s,"Diet Coke, Small",0.0,80.0,0.0,0.0,0.0,0.0,45.0,0.0,0.0,0.0,0.0,0.0,,0,0.0,0.0,,,,,,,,,1,other
Wendy’s,"Dr Pepper, Large",240.0,80.0,0.0,0.0,0.0,0.0,70.0,66.0,0.0,64.0,0.0,304.0,,0,264.0,-24.0,0.0,100.0,0.0,0.0,27.5,0.0,0.0,29.167,1,other
Wendy’s,"Dr Pepper, Medium",190.0,80.0,0.0,0.0,0.0,0.0,55.0,53.0,0.0,51.0,0.0,241.0,,0,212.0,-22.0,0.0,100.0,0.0,0.0,27.895,0.0,0.0,28.947,1,other
Wendy’s,"Dr Pepper, Small",120.0,80.0,0.0,0.0,0.0,0.0,35.0,33.0,0.0,32.0,0.0,152.0,,0,132.0,-12.0,0.0,100.0,0.0,0.0,27.5,0.0,0.0,29.167,1,other
Wendy’s,"Fanta Orange, Large",430.0,80.0,0.0,0.0,0.0,0.0,110.0,117.0,0.0,115.0,0.0,545.0,,0,468.0,-38.0,0.0,100.0,0.0,0.0,27.209,0.0,0.0,25.581,0,other
Wendy’s,"Fanta Orange, Medium",340.0,80.0,0.0,0.0,0.0,0.0,85.0,94.0,0.0,92.0,0.0,432.0,,0,376.0,-36.0,0.0,100.0,0.0,0.0,27.647,0.0,0.0,25.0,1,other
Wendy’s,"Fanta Orange, Small",210.0,80.0,0.0,0.0,0.0,0.0,55.0,59.0,0.0,58.0,0.0,268.0,,0,236.0,-26.0,0.0,100.0,0.0,0.0,28.095,0.0,0.0,26.19,1,other
Wendy’s,"Hi-C Flashin’ Fruit Punch, Large",420.0,80.0,0.0,0.0,0.0,0.0,140.0,115.0,0.0,113.0,0.0,533.0,,0,460.0,-40.0,0.0,100.0,0.0,0.0,27.381,0.0,0.0,33.333,0,other
Wendy’s,"Hi-C Flashin’ Fruit Punch, Medium",340.0,80.0,0.0,0.0,0.0,0.0,115.0,92.0,0.0,90.0,0.0,430.0,,0,368.0,-28.0,0.0,100.0,0.0,0.0,27.059,0.0,0.0,33.824,1,other
Wendy’s,"Hi-C Flashin’ Fruit Punch, Small",210.0,80.0,0.0,0.0,0.0,0.0,70.0,58.0,0.0,56.0,0.0,266.0,,0,232.0,-22.0,0.0,100.0,0.0,0.0,27.619,0.0,0.0,33.333,1,other
Wendy’s,"Honest Tropical Green Tea, Large",110.0,80.0,0.0,0.0,0.0,0.0,55.0,29.0,0.0,29.0,0.0,139.0,,0,116.0,-6.0,0.0,100.0,0.0,0.0,26.364,0.0,0.0,50.0,1,beverage
Wendy’s,"Honest Tropical Green Tea, Medium",90.0,80.0,0.0,0.0,0.0,0.0,40.0,22.0,0.0,22.0,0.0,112.0,,0,88.0,2.0,0.0,100.0,0.0,0.0,24.444,0.0,0.0,44.444,1,beverage
Wendy’s,"Honest Tropical Green Tea, Small",60.0,80.0,0.0,0.0,0.0,0.0,25.0,14.0,0.0,14.0,0.0,74.0,,0,56.0,4.0,0.0,100.0,0.0,0.0,23.333,0.0,0.0,41.667,1,beverage
Wendy’s,Hot Tea,0.0,80.0,0.0,0.0,0.0,0.0,0.0,1.0,0.0,0.0,0.0,0.0,,0,4.0,-4.0,0.0,100.0,0.0,,,,,,1,beverage
Wendy’s,"Limeade, Large",460.0,80.0,0.0,0.0,0.0,0.0,55.0,117.0,0.0,111.0,0.0,571.0,,0,468.0,-8.0,0.0,100.0,0.0,0.0,25.435,0.0,0.0,11.957,0,other
Wendy’s,"Limeade, Medium",380.0,80.0,0.0,0.0,0.0,0.0,45.0,98.0,0.0,93.0,0.0,473.0,,0,392.0,-12.0,0.0,100.0,0.0,0.0,25.789,0.0,0.0,11.842,1,other
Wendy’s,"Limeade, Small",230.0,80.0,0.0,0.0,0.0,0.0,30.0,59.0,0.0,56.0,0.0,286.0,,0,236.0,-6.0,0.0,100.0,0.0,0.0,25.652,0.0,0.0,13.043,1,other
Wendy’s,"Minute Maid Light Lemonade, Large",15.0,80.0,0.0,0.0,0.0,0.0,10.0,2.0,0.0,0.0,0.0,15.0,,0,8.0,7.0,0.0,100.0,0.0,0.0,13.333,0.0,0.0,66.667,1,other
Wendy’s,"Minute Maid Light Lemonade, Medium",10.0,80.0,0.0,0.0,0.0,0.0,10.0,1.0,0.0,0.0,0.0,10.0,,0,4.0,6.0,0.0,100.0,0.0,0.0,10.0,0.0,0.0,100.0,1,other
Wendy’s,"Minute Maid Light Lemonade, Small",5.0,80.0,0.0,0.0,0.0,0.0,5.0,1.0,0.0,0.0,0.0,5.0,,0,4.0,1.0,0.0,100.0,0.0,0.0,20.0,0.0,0.0,100.0,1,other
Wendy’s,"Mocha Iced Coffee, Medium",210.0,80.0,8.0,5.0,0.0,25.0,40.0,32.0,0.0,28.0,3.0,240.0,,0,212.0,-2.0,5.66,60.38,33.96,1.429,15.238,3.81,0.0,19.048,1,beverage
Wendy’s,"Mocha Iced Coffee, Small",170.0,80.0,6.0,3.5,0.0,20.0,30.0,28.0,0.0,25.0,2.0,197.0,,0,174.0,-4.0,4.6,64.37,31.03,1.176,16.471,3.529,0.0,17.647,1,beverage
Wendy’s,"Pear Berry Fruit Tea, Large",320.0,80.0,0.0,0.0,0.0,0.0,60.0,82.0,0.0,76.0,0.0,396.0,,0,328.0,-8.0,0.0,100.0,0.0,0.0,25.625,0.0,0.0,18.75,1,beverage
Wendy’s,"Pear Berry Fruit Tea, Medium",300.0,80.0,0.0,0.0,0.0,0.0,50.0,76.0,0.0,70.0,0.0,370.0,,0,304.0,-4.0,0.0,100.0,0.0,0.0,25.333,0.0,0.0,16.667,1,beverage
Wendy’s,"Pear Berry Fruit Tea, Small",170.0,80.0,0.0,0.0,0.0,0.0,30.0,44.0,0.0,40.0,0.0,210.0,,0,176.0,-6.0,0.0,100.0,0.0,0.0,25.882,0.0,0.0,17.647,1,beverage
Wendy’s,"Skinny Vanilla Iced Coffee, Medium",100.0,80.0,8.0,5.0,0.0,25.0,45.0,14.0,0.0,0.0,3.0,102.0,,0,140.0,-40.0,8.57,40.0,51.43,3.0,14.0,8.0,0.0,45.0,1,beverage
Wendy’s,"Skinny Vanilla Iced Coffee, Small",70.0,80.0,5.0,3.5,0.0,15.0,30.0,6.0,0.0,0.0,2.0,72.0,,0,77.0,-7.0,10.39,31.17,58.44,2.857,8.571,7.143,0.0,42.857,1,beverage
Wendy’s,"Small Sprite, Small",200.0,80.0,0.0,0.0,0.0,0.0,90.0,53.0,0.0,53.0,0.0,253.0,,0,212.0,-12.0,0.0,100.0,0.0,0.0,26.5,0.0,0.0,45.0,1,other
Wendy’s,"Sprite, Large",390.0,80.0,0.0,0.0,0.0,0.0,180.0,105.0,0.0,105.0,0.0,495.0,,0,420.0,-30.0,0.0,100.0,0.0,0.0,26.923,0.0,0.0,46.154,1,other
Wendy’s,"Sprite, Medium",310.0,80.0,0.0,0.0,0.0,0.0,140.0,84.0,0.0,84.0,0.0,394.0,,0,336.0,-26.0,0.0,100.0,0.0,0.0,27.097,0.0,0.0,45.161,1,other
Wendy’s,"Strawberry Lemonade, Large",480.0,80.0,0.0,0.0,0.0,0.0,55.0,121.0,0.0,114.0,0.0,594.0,,0,484.0,-4.0,0.0,100.0,0.0,0.0,25.208,0.0,0.0,11.458,0,other
Wendy’s,"Strawberry Lemonade, Medium",380.0,80.0,0.0,0.0,0.0,0.0,45.0,98.0,0.0,92.0,0.0,472.0,,0,392.0,-12.0,0.0,100.0,0.0,0.0,25.789,0.0,0.0,11.842,1,other
Wendy’s,"Strawberry Lemonade, Small",230.0,80.0,0.0,0.0,0.0,0.0,30.0,58.0,0.0,54.0,0.0,284.0,,0,232.0,-2.0,0.0,100.0,0.0,0.0,25.217,0.0,0.0,13.043,1,other
Wendy’s,"Strawberry Sweet Tea, Large",270.0,80.0,0.0,0.0,0.0,0.0,15.0,69.0,0.0,67.0,0.0,337.0,,0,276.0,-6.0,0.0,100.0,0.0,0.0,25.556,0.0,0.0,5.556,1,beverage
Wendy’s,"Strawberry Sweet Tea, Medium",240.0,80.0,0.0,0.0,0.0,0.0,15.0,60.0,0.0,59.0,0.0,299.0,,0,240.0,0.0,0.0,100.0,0.0,0.0,25.0,0.0,0.0,6.25,1,beverage
Wendy’s,"Strawberry Sweet Tea, Small",140.0,80.0,0.0,0.0,0.0,0.0,10.0,36.0,0.0,35.0,0.0,175.0,,0,144.0,-4.0,0.0,100.0,0.0,0.0,25.714,0.0,0.0,7.143,1,beverage
Wendy’s,"Strawberry Tea, Large",90.0,80.0,0.0,0.0,0.0,0.0,20.0,22.0,0.0,20.0,0.0,110.0,,0,88.0,2.0,0.0,100.0,0.0,0.0,24.444,0.0,0.0,22.222,1,beverage
Wendy’s,"Strawberry Tea, Medium",60.0,80.0,0.0,0.0,0.0,0.0,15.0,16.0,0.0,14.0,0.0,74.0,,0,64.0,-4.0,0.0,100.0,0.0,0.0,26.667,0.0,0.0,25.0,1,beverage
Wendy’s,"Strawberry Tea, Small",45.0,80.0,0.0,0.0,0.0,0.0,10.0,11.0,0.0,10.0,0.0,55.0,,0,44.0,1.0,0.0,100.0,0.0,0.0,24.444,0.0,0.0,22.222,1,beverage
Wendy’s,"Sweetened Iced Tea, Large",300.0,80.0,0.0,0.0,0.0,0.0,25.0,77.0,0.0,75.0,0.0,375.0,,0,308.0,-8.0,0.0,100.0,0.0,0.0,25.667,0.0,0.0,8.333,1,beverage
Wendy’s,"Sweetened Iced Tea, Medium",220.0,80.0,0.0,0.0,0.0,0.0,20.0,58.0,0.0,56.0,0.0,276.0,,0,232.0,-12.0,0.0,100.0,0.0,0.0,26.364,0.0,0.0,9.091,1,beverage
Wendy’s,"Sweetened Iced Tea, Small",160.0,80.0,0.0,0.0,0.0,0.0,10.0,41.0,0.0,40.0,0.0,200.0,,0,164.0,-4.0,0.0,100.0,0.0,0.0,25.625,0.0,0.0,6.25,1,beverage
Wendy’s,"Vanilla Iced Coffee, Medium",250.0,80.0,8.0,5.0,0.0,25.0,40.0,42.0,0.0,39.0,3.0,291.0,,0,252.0,-2.0,4.76,66.67,28.57,1.2,16.8,3.2,0.0,16.0,1,beverage
Wendy’s,"Vanilla Iced Coffee, Small",170.0,80.0,6.0,3.5,0.0,20.0,30.0,28.0,0.0,26.0,2.0,198.0,,0,174.0,-4.0,4.6,64.37,31.03,1.176,16.471,3.529,0.0,17.647,1,beverage
Wendy’s,"Classic Chocolate Frosty, Junior",200.0,80.0,5.0,3.0,0.0,20.0,90.0,33.0,0.0,27.0,6.0,224.0,,0,201.0,-1.0,11.94,65.67,22.39,3.0,16.5,2.5,0.0,45.0,1,beverage
Wendy’s,"Classic Chocolate Frosty, Large",590.0,80.0,15.0,10.0,0.5,60.0,260.0,99.0,0.0,81.0,17.0,664.0,,0,599.0,-9.0,11.35,66.11,22.54,2.881,16.78,2.542,0.0,44.068,0,beverage
Wendy’s,"Classic Chocolate Frosty, Medium",470.0,80.0,12.0,8.0,0.5,50.0,210.0,79.0,0.0,65.0,13.0,530.0,,0,476.0,-6.0,10.92,66.39,22.69,2.766,16.809,2.553,0.0,44.681,0,beverage
Wendy’s,"Classic Chocolate Frosty, Small",350.0,80.0,9.0,6.0,0.0,35.0,150.0,58.0,0.0,47.0,10.0,393.0,,0,353.0,-3.0,11.33,65.72,22.95,2.857,16.571,2.571,0.0,42.857,0,beverage
Wendy’s,"Vanilla Frosty, Junior",190.0,80.0,5.0,3.5,0.0,25.0,90.0,32.0,0.0,27.0,5.0,216.0,,0,193.0,-3.0,10.36,66.32,23.32,2.632,16.842,2.632,0.0,47.368,1,other
Wendy’s,"Vanilla Frosty, Large",570.0,80.0,15.0,10.0,0.5,70.0,260.0,94.0,0.0,78.0,15.0,643.0,,0,571.0,-1.0,10.51,65.85,23.64,2.632,16.491,2.632,0.0,45.614,0,other
Wendy’s,"Vanilla Frosty, Medium",450.0,80.0,12.0,8.0,0.5,55.0,210.0,75.0,0.0,63.0,12.0,509.0,,0,456.0,-6.0,10.53,65.79,23.68,2.667,16.667,2.667,0.0,46.667,0,other
Wendy’s,"Vanilla Frosty, Small",340.0,80.0,9.0,6.0,0.0,45.0,160.0,56.0,0.0,47.0,9.0,384.0,,0,341.0,-1.0,10.56,65.69,23.75,2.647,16.471,2.647,0.0,47.059,0,other
Wendy’s,Chocolate Chunk Cookie,310.0,80.0,16.0,8.0,0.0,20.0,210.0,40.0,2.0,24.0,3.0,339.0,,0,316.0,-6.0,3.8,50.63,45.57,0.968,12.903,5.161,0.645,67.742,0,beverage
Wendy’s,Double Chocolate Chunk Cookie,290.0,80.0,14.0,7.0,0.0,20.0,230.0,39.0,4.0,21.0,4.0,314.0,,0,298.0,-8.0,5.37,52.35,42.28,1.379,13.448,4.828,1.379,79.31,0,beverage
Wendy’s,Sugar Cookie,330.0,80.0,16.0,8.0,0.0,25.0,300.0,43.0,1.0,24.0,3.0,359.0,,0,328.0,2.0,3.66,52.44,43.9,0.909,13.03,4.848,0.303,90.909,0,other
Wendy’s,Kids 2 Piece Chicken Tenders,200.0,80.0,10.0,1.5,0.0,45.0,620.0,13.0,0.0,0.0,15.0,187.0,,0,202.0,-2.0,29.7,25.74,44.55,7.5,6.5,5.0,0.0,310.0,0,chicken
Wendy’s,Kids 4 Piece Chicken Nuggets,170.0,80.0,11.0,2.0,0.0,35.0,340.0,10.0,0.0,0.0,9.0,163.0,,0,175.0,-5.0,20.57,22.86,56.57,5.294,5.882,6.471,0.0,200.0,1,chicken
Wendy’s,Kids Cheeseburger,280.0,80.0,13.0,6.0,0.5,50.0,540.0,25.0,1.0,5.0,15.0,276.0,,0,277.0,3.0,21.66,36.1,42.24,5.357,8.929,4.643,0.357,192.857,0,burger
Wendy’s,Kids Grilled Chicken Wrap,270.0,80.0,10.0,3.5,0.0,55.0,640.0,24.0,2.0,3.0,20.0,257.0,,0,266.0,4.0,30.08,36.09,33.83,7.407,8.889,3.704,0.741,237.037,0,wrap
Wendy’s,Kids Hamburger,240.0,80.0,9.0,3.5,0.5,40.0,350.0,24.0,1.0,5.0,13.0,236.0,,0,229.0,11.0,22.71,41.92,35.37,5.417,10.0,3.75,0.417,145.833,1,burger
Wendy’s,Artisan Egg Sandwich with Bacon,320.0,80.0,17.0,8.0,0.0,245.0,750.0,25.0,1.0,4.0,18.0,314.0,,0,325.0,-5.0,22.15,30.77,47.08,5.625,7.812,5.312,0.312,234.375,0,sandwich
Wendy’s,Artisan Egg Sandwich with Sausage,480.0,80.0,33.0,13.0,0.0,275.0,980.0,27.0,1.0,4.0,21.0,476.0,,0,489.0,-9.0,17.18,22.09,60.74,4.375,5.625,6.875,0.208,204.167,0,sandwich
Wendy’s,Bacon Breakfast Bowl,510.0,80.0,28.0,9.0,0.0,245.0,1390.0,44.0,4.0,2.0,19.0,502.0,,0,504.0,6.0,15.08,34.92,50.0,3.725,8.627,5.49,0.784,272.549,0,other
Wendy’s,Biggie Breakfast Sandwich,610.0,80.0,40.0,15.0,0.0,290.0,1400.0,37.0,2.0,7.0,27.0,605.0,,0,616.0,-6.0,17.53,24.03,58.44,4.426,6.066,6.557,0.328,229.508,0,sandwich
Wendy’s,Fresh-Baked Biscuit with Applewood Smoked Bacon,410.0,80.0,24.0,13.0,0.0,235.0,970.0,34.0,1.0,5.0,15.0,413.0,,0,412.0,-2.0,14.56,33.01,52.43,3.659,8.293,5.854,0.244,236.585,0,other
Wendy’s,Fresh Baked Biscuit with Natural Sausage,590.0,80.0,41.0,19.0,0.0,270.0,1270.0,36.0,1.0,6.0,20.0,595.0,,0,593.0,-3.0,13.49,24.28,62.23,3.39,6.102,6.949,0.169,215.254,0,other
Wendy’s,Gravy and Sausage Bowl,450.0,80.0,22.0,6.0,0.0,220.0,1260.0,50.0,4.0,2.0,12.0,446.0,,0,446.0,4.0,10.76,44.84,44.39,2.667,11.111,4.889,0.889,280.0,0,other
Wendy’s,Honey Butter Chicken Biscuit,500.0,80.0,26.0,12.0,0.0,50.0,1120.0,48.0,1.0,9.0,19.0,502.0,,0,502.0,-2.0,15.14,38.25,46.61,3.8,9.6,5.2,0.2,224.0,0,chicken
Wendy’s,Sausage and Egg Burrito,360.0,80.0,20.0,8.0,0.0,210.0,920.0,29.0,1.0,2.0,17.0,353.0,,0,364.0,-4.0,18.68,31.87,49.45,4.722,8.056,5.556,0.278,255.556,0,other
Wendy’s,Sausage and Gravy Biscuit,490.0,80.0,29.0,14.0,0.0,20.0,1400.0,49.0,2.0,6.0,8.0,502.0,,0,489.0,1.0,6.54,40.08,53.37,1.633,10.0,5.918,0.408,285.714,0,other
Wendy’s,Sausage Biscuit,480.0,80.0,33.0,15.0,0.0,50.0,1010.0,35.0,1.0,5.0,12.0,488.0,,0,485.0,-5.0,9.9,28.87,61.24,2.5,7.292,6.875,0.208,210.417,0,other
Wendy’s,Sausage Breakfast Bowl,640.0,80.0,42.0,14.0,0.0,270.0,1540.0,46.0,4.0,3.0,21.0,636.0,,0,646.0,-6.0,13.0,28.48,58.51,3.281,7.187,6.562,0.625,240.625,0,other
Wendy’s,"Seasoned Home-Style Potatoes, Large",360.0,80.0,13.0,2.5,0.0,0.0,1080.0,57.0,6.0,1.0,5.0,359.0,,0,365.0,-5.0,5.48,62.47,32.05,1.389,15.833,3.611,1.667,300.0,0,other
Wendy’s,"Seasoned Home-Style Potatoes, Medium",250.0,80.0,9.0,1.5,0.0,0.0,750.0,39.0,4.0,1.0,4.0,249.0,,0,253.0,-3.0,6.32,61.66,32.02,1.6,15.6,3.6,1.6,300.0,0,other
Wendy’s,"Seasoned Home-Style Potatoes, Small",230.0,80.0,8.0,1.5,0.0,0.0,680.0,35.0,4.0,0.0,3.0,229.0,,0,224.0,6.0,5.36,62.5,32.14,1.304,15.217,3.478,1.739,295.652,0,other
Wendy’s,Two Sausage and Egg Burritos,720.0,80.0,41.0,16.0,0.0,420.0,1830.0,59.0,2.0,5.0,34.0,707.0,,0,741.0,-21.0,18.35,31.85,49.8,4.722,8.194,5.694,0.278,254.167,0,other
Wendy’s,Two Sausage Biscuits,960.0,80.0,65.0,31.0,0.0,95.0,2020.0,70.0,3.0,10.0,23.0,978.0,,0,957.0,3.0,9.61,29.26,61.13,2.396,7.292,6.771,0.312,210.417,0,other
KFC,Limited Time Cinnabon Dessert  Biscuits,290.0,80.0,13.0,7.0,0.0,20.0,580.0,40.0,2.0,17.0,4.0,310.0,,0,293.0,-3.0,5.46,54.61,39.93,1.379,13.793,4.483,0.69,200.0,0,dessert
KFC,Limited Time ORIGINAL RECIPE CHICKEN Chicken Breast,390.0,80.0,21.0,4.0,0.0,120.0,1190.0,11.0,2.0,0.0,39.0,355.0,,0,389.0,1.0,40.1,11.31,48.59,10.0,2.821,5.385,0.513,305.128,0,chicken
KFC,Limited Time ORIGINAL RECIPE CHICKEN Chicken Limited Time Drumstick,130.0,80.0,8.0,1.5,0.0,55.0,430.0,4.0,1.0,0.0,12.0,119.5,,0,136.0,-6.0,35.29,11.76,52.94,9.231,3.077,6.154,0.769,330.769,1,chicken
KFC,Limited Time ORIGINAL RECIPE CHICKEN Chicken Thigh,280.0,80.0,19.0,4.5,0.0,100.0,910.0,8.0,1.0,0.0,19.0,265.5,,0,279.0,1.0,27.24,11.47,61.29,6.786,2.857,6.786,0.357,325.0,0,chicken
KFC,Limited Time ORIGINAL RECIPE CHICKEN Chicken Whole Wing,130.0,80.0,8.0,2.0,0.0,55.0,380.0,3.0,0.0,0.0,10.0,122.0,,0,124.0,6.0,32.26,9.68,58.06,7.692,2.308,6.154,0.0,292.308,1,chicken
KFC,Chicken Breast,770.0,80.0,60.0,10.0,0.0,105.0,1530.0,21.0,1.0,1.0,35.0,746.0,,0,764.0,6.0,18.32,10.99,70.68,4.545,2.727,7.792,0.13,198.701,0,chicken
KFC,Chicken Drumstick,250.0,80.0,21.0,3.5,0.0,50.0,530.0,6.0,1.0,0.0,11.0,242.5,,0,257.0,-7.0,17.12,9.34,73.54,4.4,2.4,8.4,0.4,212.0,1,chicken
KFC,Chicken Thigh,500.0,80.0,40.0,7.0,0.0,100.0,970.0,11.0,1.0,1.0,22.0,486.0,,0,492.0,8.0,17.89,8.94,73.17,4.4,2.2,8.0,0.2,194.0,0,chicken
KFC,Chicken Whole Wing,290.0,80.0,25.0,4.0,0.0,45.0,520.0,6.0,1.0,1.0,10.0,285.0,,0,289.0,1.0,13.84,8.3,77.85,3.448,2.069,8.621,0.345,179.31,1,chicken
KFC,Breast,260.0,80.0,12.0,3.0,0.0,130.0,790.0,1.0,0.0,0.0,38.0,225.0,,0,264.0,-4.0,57.58,1.52,40.91,14.615,0.385,4.615,0.0,303.846,0,other
KFC,Drumstick,100.0,80.0,6.0,1.5,0.0,55.0,260.0,0.0,0.0,0.0,11.0,90.5,,0,98.0,2.0,44.9,0.0,55.1,11.0,0.0,6.0,0.0,260.0,1,other
KFC,Thigh,180.0,80.0,12.0,3.5,0.0,90.0,470.0,0.0,0.0,0.0,17.0,166.5,,0,176.0,4.0,38.64,0.0,61.36,9.444,0.0,6.667,0.0,261.111,1,other
KFC,Whole Wing,90.0,80.0,6.0,1.5,0.0,45.0,210.0,1.0,0.0,0.0,9.0,82.5,,0,94.0,-4.0,38.3,4.26,57.45,10.0,1.111,6.667,0.0,233.333,1,other
KFC,Breast,540.0,80.0,40.0,7.0,0.0,100.0,1390.0,14.0,2.0,1.0,31.0,517.0,,0,540.0,0.0,22.96,10.37,66.67,5.741,2.593,7.407,0.37,257.407,0,other
KFC,Drumstick,190.0,80.0,14.0,2.5,0.0,40.0,510.0,6.0,1.0,0.0,9.0,183.5,,0,186.0,4.0,19.35,12.9,67.74,4.737,3.158,7.368,0.526,268.421,1,other
KFC,Thigh,390.0,80.0,32.0,6.0,0.0,65.0,900.0,12.0,2.0,1.0,13.0,384.0,,0,388.0,2.0,13.4,12.37,74.23,3.333,3.077,8.205,0.513,230.769,0,other
KFC,Whole Wing,180.0,80.0,15.0,2.5,0.0,35.0,450.0,5.0,1.0,0.0,8.0,174.5,,0,187.0,-7.0,17.11,10.7,72.19,4.444,2.778,8.333,0.556,250.0,1,other
KFC,EXTRA CRISPY  Chicken Breast,530.0,80.0,35.0,6.0,0.0,105.0,1150.0,18.0,0.0,0.0,35.0,501.0,,0,527.0,3.0,26.57,13.66,59.77,6.604,3.396,6.604,0.0,216.981,0,chicken
KFC,EXTRA CRISPY  Chicken Drumstick,170.0,80.0,12.0,2.0,0.0,50.0,390.0,5.0,0.0,0.0,10.0,162.0,,0,168.0,2.0,23.81,11.9,64.29,5.882,2.941,7.059,0.0,229.412,1,chicken
KFC,EXTRA CRISPY  Chicken Thigh,330.0,80.0,23.0,4.5,0.0,100.0,700.0,9.0,0.0,0.0,22.0,312.5,,0,331.0,-1.0,26.59,10.88,62.54,6.667,2.727,6.97,0.0,212.121,0,chicken
KFC,EXTRA CRISPY  Chicken Whole Wing,170.0,80.0,13.0,2.0,0.0,45.0,340.0,5.0,0.0,0.0,10.0,162.0,,0,177.0,-7.0,22.6,11.3,66.1,5.882,2.941,7.647,0.0,200.0,1,chicken
KFC,KENTUCKY GRILLED CHICKEN Breast,210.0,80.0,7.0,2.0,0.0,130.0,710.0,0.0,0.0,0.0,38.0,174.0,,0,215.0,-5.0,70.7,0.0,29.3,18.095,0.0,3.333,0.0,338.095,0,chicken
KFC,KENTUCKY GRILLED CHICKEN Drumstick,80.0,80.0,4.0,1.0,0.0,55.0,220.0,0.0,0.0,0.0,11.0,70.0,,0,80.0,0.0,55.0,0.0,45.0,13.75,0.0,5.0,0.0,275.0,1,chicken
KFC,KENTUCKY GRILLED CHICKEN Thigh,150.0,80.0,9.0,3.0,0.0,90.0,420.0,0.0,0.0,0.0,17.0,136.0,,0,149.0,1.0,45.64,0.0,54.36,11.333,0.0,6.0,0.0,280.0,1,chicken
KFC,KENTUCKY GRILLED CHICKEN Whole Wing,70.0,80.0,3.0,1.0,0.0,45.0,180.0,0.0,0.0,0.0,9.0,62.0,,0,63.0,7.0,57.14,0.0,42.86,12.857,0.0,4.286,0.0,257.143,1,chicken
KFC,SPICY CRISPY CHICKEN Breast,350.0,80.0,20.0,3.5,0.0,100.0,1100.0,11.0,1.0,0.0,30.0,323.5,,0,344.0,6.0,34.88,12.79,52.33,8.571,3.143,5.714,0.286,314.286,0,chicken
KFC,SPICY CRISPY CHICKEN Drumstick,130.0,80.0,8.0,1.5,0.0,40.0,420.0,5.0,1.0,0.0,9.0,122.5,,0,128.0,2.0,28.12,15.62,56.25,6.923,3.846,6.154,0.769,323.077,1,chicken
KFC,SPICY CRISPY CHICKEN Thigh,270.0,80.0,20.0,3.5,0.0,65.0,720.0,10.0,1.0,0.0,13.0,260.5,,0,272.0,-2.0,19.12,14.71,66.18,4.815,3.704,7.407,0.37,266.667,0,chicken
KFC,SPICY CRISPY CHICKEN Whole Wing,120.0,80.0,8.0,1.5,0.0,35.0,350.0,5.0,0.0,0.0,7.0,114.5,,0,120.0,0.0,23.33,16.67,60.0,5.833,4.167,6.667,0.0,291.667,1,chicken
KFC,EXTRA CRISPY  Tender (each),260.0,80.0,14.0,2.0,0.0,50.0,610.0,15.0,0.0,0.0,19.0,243.0,,0,262.0,-2.0,29.01,22.9,48.09,7.308,5.769,5.385,0.0,234.615,0,other
KFC,EXTRA CRISPY  Tender (each),220.0,80.0,16.0,2.5,0.0,25.0,460.0,9.0,0.0,0.0,10.0,212.5,,0,220.0,0.0,18.18,16.36,65.45,4.545,4.091,7.273,0.0,209.091,1,other
KFC,KENTUCKY FRIED WINGS Buffalo,100.0,80.0,7.0,1.5,0.0,20.0,310.0,3.0,0.0,0.0,5.0,96.5,,0,95.0,5.0,21.05,12.63,66.32,5.0,3.0,7.0,0.0,310.0,1,other
KFC,KENTUCKY FRIED WINGS Honey BBQ,100.0,80.0,6.0,1.0,0.0,20.0,210.0,8.0,0.0,4.0,5.0,100.0,,0,106.0,-6.0,18.87,30.19,50.94,5.0,8.0,6.0,0.0,210.0,1,other
KFC,KENTUCKY FRIED WINGS Nashville Hot,130.0,80.0,11.0,2.0,0.0,20.0,230.0,4.0,0.0,0.0,5.0,127.0,,0,135.0,-5.0,14.81,11.85,73.33,3.846,3.077,8.462,0.0,176.923,1,other
KFC,KENTUCKY FRIED WINGS Unsauced,80.0,80.0,6.0,1.0,0.0,20.0,150.0,3.0,0.0,0.0,5.0,76.0,,0,86.0,-6.0,23.26,13.95,62.79,6.25,3.75,7.5,0.0,187.5,1,other
KFC,POPCORN NUGGETS Kids,290.0,80.0,19.0,2.5,0.0,30.0,870.0,19.0,1.0,0.0,13.0,279.5,,0,299.0,-9.0,17.39,25.42,57.19,4.483,6.552,6.552,0.345,300.0,0,chicken
KFC,POPCORN NUGGETS Large,620.0,80.0,39.0,5.0,0.0,65.0,1820.0,39.0,2.0,0.0,27.0,598.0,,0,615.0,5.0,17.56,25.37,57.07,4.355,6.29,6.29,0.323,293.548,0,chicken
KFC,BBQ Baked Beans,190.0,80.0,1.0,0.0,0.0,0.0,650.0,34.0,7.0,15.0,11.0,194.0,,0,189.0,1.0,23.28,71.96,4.76,5.789,17.895,0.526,3.684,342.105,0,other
KFC,Biscuit,180.0,80.0,8.0,4.5,0.0,0.0,520.0,22.0,1.0,1.0,4.0,181.5,,0,176.0,4.0,9.09,50.0,40.91,2.222,12.222,4.444,0.556,288.889,1,other
KFC,Coleslaw,170.0,80.0,12.0,2.0,0.0,20.0,180.0,14.0,4.0,10.0,1.0,181.0,,0,168.0,2.0,2.38,33.33,64.29,0.588,8.235,7.059,2.353,105.882,1,other
KFC,Corn on the Cob,70.0,80.0,0.5,0.0,0.0,0.0,0.0,17.0,2.0,3.0,2.0,71.0,,0,80.5,-10.5,9.94,84.47,5.59,2.857,24.286,0.714,2.857,0.0,1,other
KFC,Green Beans,25.0,80.0,0.0,0.0,0.0,0.0,300.0,5.0,3.0,1.0,1.0,25.0,,0,24.0,1.0,16.67,83.33,0.0,4.0,20.0,0.0,12.0,1200.0,1,other
KFC,KFC® Cornbread Muffin,210.0,80.0,9.0,1.5,0.0,35.0,240.0,28.0,0.0,11.0,3.0,219.5,,0,205.0,5.0,5.85,54.63,39.51,1.429,13.333,4.286,0.0,114.286,1,other
KFC,Macaroni & Cheese,140.0,80.0,6.0,1.5,0.0,20.0,590.0,17.0,1.0,2.0,5.0,138.5,,0,142.0,-2.0,14.08,47.89,38.03,3.571,12.143,4.286,0.714,421.429,1,other
KFC,Macaroni Salad,140.0,80.0,8.0,1.0,0.0,15.0,290.0,14.0,0.0,9.0,1.0,149.0,,0,132.0,8.0,3.03,42.42,54.55,0.714,10.0,5.714,0.0,207.143,1,salad
KFC,Mashed Potatoes,110.0,80.0,3.5,0.5,0.0,0.0,330.0,17.0,1.0,0.0,2.0,108.5,,0,107.5,2.5,7.44,63.26,29.3,1.818,15.455,3.182,0.909,300.0,1,other
KFC,Mashed Potatoes With Gravy,130.0,80.0,4.5,1.0,0.0,0.0,520.0,20.0,1.0,0.0,3.0,128.0,,0,132.5,-2.5,9.06,60.38,30.57,2.308,15.385,3.462,0.769,400.0,1,other
KFC,Potato Salad,340.0,80.0,28.0,4.5,0.0,25.0,290.0,19.0,2.0,3.0,2.0,345.5,,0,336.0,4.0,2.38,22.62,75.0,0.588,5.588,8.235,0.588,85.294,1,salad
KFC,Secret Recipe Fries,320.0,80.0,15.0,2.0,0.0,0.0,1100.0,41.0,3.0,0.0,5.0,317.0,,0,319.0,1.0,6.27,51.41,42.32,1.562,12.812,4.688,0.938,343.75,0,sides
KFC,Sweet Kernel Corn,70.0,80.0,0.5,0.0,0.0,0.0,0.0,16.0,2.0,2.0,2.0,70.0,,0,76.5,-6.5,10.46,83.66,5.88,2.857,22.857,0.714,2.857,0.0,1,other
KFC,BBQ Baked Beans (Family),830.0,80.0,5.0,1.0,0.0,0.0,2810.0,148.0,31.0,63.0,47.0,847.0,,0,825.0,5.0,22.79,71.76,5.45,5.663,17.831,0.602,3.735,338.554,0,other
KFC,Coleslaw (Family),640.0,80.0,46.0,7.0,0.0,15.0,670.0,54.0,14.0,37.0,4.0,680.0,,0,646.0,-6.0,2.48,33.44,64.09,0.625,8.438,7.187,2.188,104.688,0,other
KFC,Corn on the Cob (Family),280.0,80.0,2.0,0.0,0.0,0.0,15.0,67.0,8.0,11.0,9.0,282.0,,0,322.0,-42.0,11.18,83.23,5.59,3.214,23.929,0.714,2.857,5.357,1,other
KFC,Green Beans (Family),80.0,80.0,0.0,0.0,0.0,0.0,930.0,15.0,9.0,3.0,4.0,79.0,,0,76.0,4.0,21.05,78.95,0.0,5.0,18.75,0.0,11.25,1162.5,0,other
KFC,Macaroni & Cheese (Family),540.0,80.0,23.0,6.0,0.0,10.0,2220.0,66.0,5.0,8.0,18.0,536.0,,0,543.0,-3.0,13.26,48.62,38.12,3.333,12.222,4.259,0.926,411.111,0,other
KFC,Macaroni Salad (Family),480.0,80.0,28.0,3.5,0.0,55.0,990.0,50.0,0.0,30.0,3.0,510.5,,0,464.0,16.0,2.59,43.1,54.31,0.625,10.417,5.833,0.0,206.25,0,salad
KFC,Mashed Potatoes (Family),460.0,80.0,15.0,3.0,0.0,0.0,1410.0,72.0,6.0,0.0,9.0,454.0,,0,459.0,1.0,7.84,62.75,29.41,1.957,15.652,3.261,1.304,306.522,0,other
KFC,Mashed Potatoes With Gravy (Family),590.0,80.0,21.0,5.0,0.0,0.0,2590.0,88.0,6.0,1.0,12.0,584.0,,0,589.0,1.0,8.15,59.76,32.09,2.034,14.915,3.559,1.017,438.983,0,other
KFC,Potato Salad (Family),1200.0,80.0,98.0,16.0,0.0,80.0,1010.0,65.0,8.0,12.0,8.0,1220.0,,0,1174.0,26.0,2.73,22.15,75.13,0.667,5.417,8.167,0.667,84.167,0,salad
KFC,Secret Recipe Fries (Family),840.0,80.0,40.0,5.0,0.0,0.0,2890.0,108.0,9.0,0.0,13.0,832.0,,0,844.0,-4.0,6.16,51.18,42.65,1.548,12.857,4.762,1.071,344.048,0,sides
KFC,Sweet Kernel Corn (Family),280.0,80.0,2.5,0.0,0.0,0.0,10.0,67.0,7.0,8.0,10.0,278.0,,0,330.5,-50.5,12.1,81.09,6.81,3.571,23.929,0.893,2.5,3.571,1,other
KFC,Chicken Littles,300.0,80.0,15.0,2.5,0.0,30.0,620.0,27.0,1.0,3.0,14.0,291.5,,0,299.0,1.0,18.73,36.12,45.15,4.667,9.0,5.0,0.333,206.667,0,chicken
KFC,Chicken Littles – Buffalo,310.0,80.0,17.0,2.5,0.0,30.0,790.0,27.0,1.0,3.0,14.0,301.5,,0,317.0,-7.0,17.67,34.07,48.26,4.516,8.71,5.484,0.323,254.839,0,chicken
KFC,Chicken Littles – Honey BBQ,320.0,80.0,15.0,2.5,0.0,30.0,680.0,31.0,1.0,7.0,14.0,315.5,,0,315.0,5.0,17.78,39.37,42.86,4.375,9.688,4.688,0.312,212.5,0,chicken
KFC,Chicken Littles – Nashville Hot,340.0,80.0,19.0,3.0,0.0,30.0,680.0,27.0,1.0,3.0,14.0,332.0,,0,335.0,5.0,16.72,32.24,51.04,4.118,7.941,5.588,0.294,200.0,0,chicken
KFC,Classic Chicken Sandwich,650.0,80.0,35.0,4.5,0.0,90.0,1260.0,49.0,1.0,6.0,34.0,626.5,,0,647.0,3.0,21.02,30.29,48.69,5.231,7.538,5.385,0.154,193.846,0,sandwich
KFC,Crispy Colonel’s Sandwich,470.0,80.0,24.0,3.5,0.0,60.0,1170.0,39.0,0.0,4.0,24.0,453.5,,0,468.0,2.0,20.51,33.33,46.15,5.106,8.298,5.106,0.0,248.936,0,sandwich
KFC,Crispy Colonel’s Sandwich – Buffalo,500.0,80.0,27.0,4.0,0.0,60.0,1500.0,39.0,0.0,4.0,24.0,484.0,,0,495.0,5.0,19.39,31.52,49.09,4.8,7.8,5.4,0.0,300.0,0,sandwich
KFC,Crispy Colonel’s Sandwich – Honey BBQ,510.0,80.0,25.0,3.5,0.0,60.0,1290.0,48.0,0.0,12.0,24.0,501.5,,0,513.0,-3.0,18.71,37.43,43.86,4.706,9.412,4.902,0.0,252.941,0,sandwich
KFC,Crispy Colonel’s Sandwich – Nashville Hot,540.0,80.0,32.0,4.5,0.0,60.0,1290.0,40.0,0.0,5.0,24.0,525.5,,0,544.0,-4.0,17.65,29.41,52.94,4.444,7.407,5.926,0.0,238.889,0,sandwich
KFC,Crispy Twister®,630.0,80.0,34.0,7.0,0.0,70.0,1260.0,53.0,4.0,3.0,28.0,612.0,,0,630.0,0.0,17.78,33.65,48.57,4.444,8.413,5.397,0.635,200.0,0,other
KFC,Honey BBQ Sandwich,350.0,80.0,3.5,0.5,0.0,55.0,1350.0,55.0,2.0,22.0,24.0,348.5,,0,347.5,2.5,27.63,63.31,9.06,6.857,15.714,1.0,0.571,385.714,0,sandwich
KFC,Spicy Chicken Sandwich,620.0,80.0,33.0,4.0,0.0,85.0,2140.0,49.0,1.0,6.0,34.0,596.0,,0,629.0,-9.0,21.62,31.16,47.22,5.484,7.903,5.323,0.161,345.161,0,sandwich
KFC,Chicken Pot Pie,720.0,80.0,41.0,25.0,0.0,80.0,1750.0,60.0,7.0,5.0,26.0,724.0,,0,713.0,7.0,14.59,33.66,51.75,3.611,8.333,5.694,0.972,243.056,0,chicken
KFC,KFC® Famous Bowl,740.0,80.0,35.0,6.0,0.0,45.0,2350.0,81.0,6.0,2.0,26.0,722.0,,0,743.0,-3.0,14.0,43.61,42.4,3.514,10.946,4.73,0.811,317.568,0,other
KFC,KFC® Famous Bowl – Snack Size,270.0,80.0,14.0,3.5,0.0,20.0,850.0,27.0,2.0,1.0,11.0,263.5,,0,278.0,-8.0,15.83,38.85,45.32,4.074,10.0,5.185,0.741,314.815,0,other
KFC,Caesar Side Salad,40.0,80.0,2.0,1.0,0.0,5.0,90.0,2.0,1.0,1.0,3.0,39.0,,0,38.0,2.0,31.58,21.05,47.37,7.5,5.0,5.0,2.5,225.0,1,salad
KFC,House Side Salad,15.0,80.0,0.0,0.0,0.0,0.0,10.0,3.0,2.0,2.0,1.0,16.0,,0,16.0,-1.0,25.0,75.0,0.0,6.667,20.0,0.0,13.333,66.667,1,salad
KFC,Heinz Buttermilk Dressing,160.0,80.0,17.0,2.0,0.0,10.0,220.0,1.0,0.0,1.0,0.0,163.0,,0,157.0,3.0,0.0,2.55,97.45,0.0,0.625,10.625,0.0,137.5,1,other
KFC,Hidden Valley The Original Ranch Fat Free Dressing,35.0,80.0,0.0,0.0,0.0,0.0,410.0,8.0,0.0,2.0,1.0,36.0,,0,36.0,-1.0,11.11,88.89,0.0,2.857,22.857,0.0,0.0,1171.429,1,other
KFC,KFC® Creamy Parmesan Caesar Dressing,260.0,80.0,26.0,5.0,0.0,15.0,540.0,4.0,0.0,2.0,2.0,265.0,,0,258.0,2.0,3.1,6.2,90.7,0.769,1.538,10.0,0.0,207.692,1,other
KFC,Marzetti Light Italian Dressing,15.0,80.0,0.5,0.0,0.0,0.0,510.0,2.0,0.0,1.0,0.0,16.0,,0,12.5,2.5,0.0,64.0,36.0,0.0,13.333,3.333,0.0,3400.0,1,other
KFC,Parmesan Garlic Croutons,60.0,80.0,3.0,0.0,0.0,0.0,135.0,8.0,0.0,0.0,2.0,58.0,,0,67.0,-7.0,11.94,47.76,40.3,3.333,13.333,5.0,0.0,225.0,1,other
KFC,Apple Turnover,230.0,80.0,10.0,2.5,0.0,0.0,140.0,32.0,0.0,12.0,2.0,242.5,,0,226.0,4.0,3.54,56.64,39.82,0.87,13.913,4.348,0.0,60.87,1,other
KFC,Café Valley Chocolate Chip Cake (1 Slice),300.0,80.0,15.0,3.0,0.0,50.0,260.0,39.0,1.0,27.0,4.0,326.0,,0,307.0,-7.0,5.21,50.81,43.97,1.333,13.0,5.0,0.333,86.667,1,beverage
KFC,Café Valley Lemon Cake (1 Slice),220.0,80.0,10.0,2.0,0.0,30.0,170.0,30.0,0.0,20.0,2.0,240.0,,0,218.0,2.0,3.67,55.05,41.28,0.909,13.636,4.545,0.0,77.273,1,other
KFC,Café Valley Mini Chocolate Chip Cake,300.0,80.0,12.0,2.5,0.0,40.0,190.0,49.0,1.0,35.0,3.0,334.5,,0,316.0,-16.0,3.8,62.03,34.18,1.0,16.333,4.0,0.333,63.333,1,beverage
KFC,Café Valley Mini Lemon Cake,300.0,80.0,13.0,2.5,0.0,50.0,230.0,43.0,0.0,31.0,3.0,330.5,,0,301.0,-1.0,3.99,57.14,38.87,1.0,14.333,4.333,0.0,76.667,1,other
KFC,Chocolate Chip Cookie,120.0,80.0,6.0,3.0,0.0,20.0,70.0,18.0,1.0,12.0,1.0,134.0,,0,130.0,-10.0,3.08,55.38,41.54,0.833,15.0,5.0,0.833,58.333,1,beverage
KFC,Oreo Cookies and Crème Pie,270.0,80.0,13.0,8.0,0.0,20.0,210.0,35.0,1.0,24.0,3.0,299.0,,0,269.0,1.0,4.46,52.04,43.49,1.111,12.963,4.815,0.37,77.778,0,other
KFC,Reese’s Peanut Butter Pie,300.0,80.0,17.0,9.0,0.0,20.0,270.0,33.0,1.0,22.0,5.0,326.0,,0,305.0,-5.0,6.56,43.28,50.16,1.667,11.0,5.667,0.333,90.0,0,other
KFC,BBQ – Dipping Sauce Cup,45.0,80.0,0.0,0.0,0.0,0.0,150.0,11.0,0.0,11.0,0.0,56.0,,0,44.0,1.0,0.0,100.0,0.0,0.0,24.444,0.0,0.0,333.333,1,other
KFC,Colonel’s Buttery Spread,35.0,80.0,4.0,1.5,0.0,0.0,35.0,0.0,0.0,0.0,0.0,36.5,,0,36.0,-1.0,0.0,0.0,100.0,0.0,0.0,11.429,0.0,100.0,1,other
KFC,Grape Jelly Packet,35.0,80.0,0.0,0.0,0.0,0.0,10.0,9.0,0.0,7.0,0.0,42.0,,0,36.0,-1.0,0.0,100.0,0.0,0.0,25.714,0.0,0.0,28.571,1,other
KFC,Honey Mustard – Dipping Sauce Cup,110.0,80.0,9.0,1.5,0.0,20.0,120.0,6.0,0.0,6.0,0.0,117.5,,0,105.0,5.0,0.0,22.86,77.14,0.0,5.455,8.182,0.0,109.091,1,other
KFC,Honey Sauce Packet,30.0,80.0,0.0,0.0,0.0,0.0,0.0,8.0,0.0,5.0,0.0,35.0,,0,32.0,-2.0,0.0,100.0,0.0,0.0,26.667,0.0,0.0,0.0,1,other
KFC,Ketchup,30.0,80.0,0.0,0.0,0.0,0.0,250.0,8.0,0.0,6.0,0.0,36.0,,0,32.0,-2.0,0.0,100.0,0.0,0.0,26.667,0.0,0.0,833.333,1,other
KFC,KFC Sauce – Dipping Sauce Cup,90.0,80.0,8.0,1.5,0.0,10.0,170.0,5.0,0.0,5.0,0.0,96.5,,0,92.0,-2.0,0.0,21.74,78.26,0.0,5.556,8.889,0.0,188.889,1,other
KFC,Lemon Juice Packet,5.0,80.0,0.0,0.0,0.0,0.0,20.0,1.0,0.0,0.0,0.0,5.0,,0,4.0,1.0,0.0,100.0,0.0,0.0,20.0,0.0,0.0,400.0,1,other
KFC,Ranch – Dipping Sauce Cup,130.0,80.0,14.0,2.5,0.0,10.0,240.0,2.0,0.0,1.0,0.0,133.5,,0,134.0,-4.0,0.0,5.97,94.03,0.0,1.538,10.769,0.0,184.615,1,other
KFC,Strawberry Jam Packet,35.0,80.0,0.0,0.0,0.0,0.0,0.0,9.0,0.0,6.0,0.0,41.0,,0,36.0,-1.0,0.0,100.0,0.0,0.0,25.714,0.0,0.0,0.0,1,other
KFC,Capri Sun® 100% Juice Fruit Punch,80.0,80.0,0.0,0.0,0.0,0.0,25.0,21.0,0.0,20.0,0.0,100.0,,0,84.0,-4.0,0.0,100.0,0.0,0.0,26.25,0.0,0.0,31.25,1,other
KFC,Chocolate Milk 1%,150.0,80.0,2.5,1.5,0.0,10.0,170.0,26.0,0.0,23.0,7.0,167.5,,0,154.5,-4.5,18.12,67.31,14.56,4.667,17.333,1.667,0.0,113.333,1,beverage
KFC,Milk 1%,90.0,80.0,2.0,1.5,0.0,10.0,105.0,10.0,0.0,10.0,7.0,94.5,,0,86.0,4.0,32.56,46.51,20.93,7.778,11.111,2.222,0.0,116.667,1,other
KFC,Musselman’s™ Applesauce,45.0,80.0,0.0,0.0,0.0,0.0,0.0,12.0,1.0,8.0,0.0,53.0,,0,48.0,-3.0,0.0,100.0,0.0,0.0,26.667,0.0,2.222,0.0,1,other
KFC,7UP® (12 fl oz),140.0,80.0,0.0,0.0,0.0,0.0,50.0,35.0,0.0,35.0,0.0,175.0,,0,140.0,0.0,0.0,100.0,0.0,0.0,25.0,0.0,0.0,35.714,1,other
KFC,7UP® (16 fl oz),190.0,80.0,0.0,0.0,0.0,0.0,70.0,46.0,0.0,46.0,0.0,236.0,,0,184.0,6.0,0.0,100.0,0.0,0.0,24.211,0.0,0.0,36.842,1,other
KFC,7UP® (20 fl oz),240.0,80.0,0.0,0.0,0.0,0.0,85.0,58.0,0.0,58.0,0.0,298.0,,0,232.0,8.0,0.0,100.0,0.0,0.0,24.167,0.0,0.0,35.417,1,other
KFC,7UP® (30 fl oz),350.0,80.0,0.0,0.0,0.0,0.0,125.0,87.0,0.0,87.0,0.0,437.0,,0,348.0,2.0,0.0,100.0,0.0,0.0,24.857,0.0,0.0,35.714,1,other
KFC,Classic Lemonade (1/2 Gallon),880.0,80.0,0.0,0.0,0.0,0.0,780.0,234.0,0.0,228.0,0.0,1108.0,,0,936.0,-56.0,0.0,100.0,0.0,0.0,26.591,0.0,0.0,88.636,0,other
KFC,Classic Lemonade (20 fl oz),140.0,80.0,0.0,0.0,0.0,0.0,130.0,39.0,0.0,38.0,0.0,178.0,,0,156.0,-16.0,0.0,100.0,0.0,0.0,27.857,0.0,0.0,92.857,1,other
KFC,Code Red Mountain Dew® (12 fl oz),170.0,80.0,0.0,0.0,0.0,0.0,50.0,46.0,0.0,46.0,0.0,216.0,,0,184.0,-14.0,0.0,100.0,0.0,0.0,27.059,0.0,0.0,29.412,1,other
KFC,Code Red Mountain Dew® (16 fl oz),230.0,80.0,0.0,0.0,0.0,0.0,65.0,62.0,0.0,62.0,0.0,292.0,,0,248.0,-18.0,0.0,100.0,0.0,0.0,26.957,0.0,0.0,28.261,1,other
KFC,Code Red Mountain Dew® (20 fl oz),290.0,80.0,0.0,0.0,0.0,0.0,85.0,77.0,0.0,77.0,0.0,367.0,,0,308.0,-18.0,0.0,100.0,0.0,0.0,26.552,0.0,0.0,29.31,1,other
KFC,Code Red Mountain Dew® (30 fl oz),430.0,80.0,0.0,0.0,0.0,0.0,125.0,116.0,0.0,115.0,0.0,545.0,,0,464.0,-34.0,0.0,100.0,0.0,0.0,26.977,0.0,0.0,29.07,0,other
KFC,Diet Dr Pepper® (12 fl oz),0.0,80.0,0.0,0.0,0.0,0.0,70.0,0.0,0.0,0.0,0.0,0.0,,0,0.0,0.0,,,,,,,,,1,other
KFC,Diet Dr Pepper® (16 fl oz),0.0,80.0,0.0,0.0,0.0,0.0,95.0,0.0,0.0,0.0,0.0,0.0,,0,0.0,0.0,,,,,,,,,1,other
KFC,Diet Dr Pepper® (20 fl oz),0.0,80.0,0.0,0.0,0.0,0.0,120.0,0.0,0.0,0.0,0.0,0.0,,0,0.0,0.0,,,,,,,,,1,other
KFC,Diet Dr Pepper® (30 fl oz),0.0,80.0,0.0,0.0,0.0,0.0,180.0,0.0,0.0,0.0,0.0,0.0,,0,0.0,0.0,,,,,,,,,1,other
KFC,Diet Mist Twst® (12 fl oz),0.0,80.0,0.0,0.0,0.0,0.0,35.0,0.0,0.0,0.0,0.0,0.0,,0,0.0,0.0,,,,,,,,,1,other
KFC,Diet Mist Twst® (16 fl oz),0.0,80.0,0.0,0.0,0.0,0.0,50.0,0.0,0.0,0.0,0.0,0.0,,0,0.0,0.0,,,,,,,,,1,other
KFC,Diet Mist Twst® (20 fl oz),0.0,80.0,0.0,0.0,0.0,0.0,60.0,0.0,0.0,0.0,0.0,0.0,,0,0.0,0.0,,,,,,,,,1,other
KFC,Diet Mist Twst® (30 fl oz),5.0,80.0,0.0,0.0,0.0,0.0,95.0,0.0,0.0,0.0,0.0,5.0,,0,0.0,5.0,,,,0.0,0.0,0.0,0.0,1900.0,1,other
KFC,Diet Mountain Dew® (12 fl oz),0.0,80.0,0.0,0.0,0.0,0.0,55.0,1.0,0.0,0.0,0.0,0.0,,0,4.0,-4.0,0.0,100.0,0.0,,,,,,1,other
KFC,Diet Mountain Dew® (16 fl oz),5.0,80.0,0.0,0.0,0.0,0.0,75.0,1.0,0.0,0.0,0.0,5.0,,0,4.0,1.0,0.0,100.0,0.0,0.0,20.0,0.0,0.0,1500.0,1,other
KFC,Diet Mountain Dew® (20 fl oz),10.0,80.0,0.0,0.0,0.0,0.0,90.0,1.0,0.0,1.0,0.0,11.0,,0,4.0,6.0,0.0,100.0,0.0,0.0,10.0,0.0,0.0,900.0,1,other
KFC,Diet Mountain Dew® (30 fl oz),10.0,80.0,0.0,0.0,0.0,0.0,140.0,1.0,0.0,1.0,0.0,11.0,,0,4.0,6.0,0.0,100.0,0.0,0.0,10.0,0.0,0.0,1400.0,1,other
KFC,Diet Pepsi® (12 fl oz),0.0,80.0,0.0,0.0,0.0,0.0,55.0,0.0,0.0,0.0,0.0,0.0,,0,0.0,0.0,,,,,,,,,1,other
KFC,Diet Pepsi® (16 fl oz),0.0,80.0,0.0,0.0,0.0,0.0,75.0,0.0,0.0,0.0,0.0,0.0,,0,0.0,0.0,,,,,,,,,1,other
KFC,Diet Pepsi® (20 fl oz),0.0,80.0,0.0,0.0,0.0,0.0,95.0,0.0,0.0,0.0,0.0,0.0,,0,0.0,0.0,,,,,,,,,1,other
KFC,Diet Pepsi® (30 fl oz),0.0,80.0,0.0,0.0,0.0,0.0,140.0,0.0,0.0,0.0,0.0,0.0,,0,0.0,0.0,,,,,,,,,1,other
KFC,Diet Pepsi® Wild Cherry Pepsi® (12 fl oz),0.0,80.0,0.0,0.0,0.0,0.0,35.0,0.0,0.0,0.0,0.0,0.0,,0,0.0,0.0,,,,,,,,,1,other
KFC,Diet Pepsi® Wild Cherry Pepsi® (16 fl oz),0.0,80.0,0.0,0.0,0.0,0.0,50.0,0.0,0.0,0.0,0.0,0.0,,0,0.0,0.0,,,,,,,,,1,other
KFC,Diet Pepsi® Wild Cherry Pepsi® (20 fl oz),0.0,80.0,0.0,0.0,0.0,0.0,60.0,0.0,0.0,0.0,0.0,0.0,,0,0.0,0.0,,,,,,,,,1,other
KFC,Diet Pepsi® Wild Cherry Pepsi® (30 fl oz),0.0,80.0,0.0,0.0,0.0,0.0,95.0,0.0,0.0,0.0,0.0,0.0,,0,0.0,0.0,,,,,,,,,1,other
KFC,Dr Pepper® (12 fl oz),140.0,80.0,0.0,0.0,0.0,0.0,45.0,39.0,0.0,38.0,0.0,178.0,,0,156.0,-16.0,0.0,100.0,0.0,0.0,27.857,0.0,0.0,32.143,1,other
KFC,Dr Pepper® (16 fl oz),190.0,80.0,0.0,0.0,0.0,0.0,60.0,52.0,0.0,51.0,0.0,241.0,,0,208.0,-18.0,0.0,100.0,0.0,0.0,27.368,0.0,0.0,31.579,1,other
KFC,Dr Pepper® (20 fl oz),240.0,80.0,0.0,0.0,0.0,0.0,75.0,65.0,0.0,64.0,0.0,304.0,,0,260.0,-20.0,0.0,100.0,0.0,0.0,27.083,0.0,0.0,31.25,1,other
KFC,Dr Pepper® (30 fl oz),360.0,80.0,0.0,0.0,0.0,0.0,110.0,98.0,0.0,96.0,0.0,456.0,,0,392.0,-32.0,0.0,100.0,0.0,0.0,27.222,0.0,0.0,30.556,1,other
KFC,Lipton® Brisk® Lemon Tea (12 fl oz),80.0,80.0,0.0,0.0,0.0,0.0,40.0,22.0,0.0,22.0,0.0,102.0,,0,88.0,-8.0,0.0,100.0,0.0,0.0,27.5,0.0,0.0,50.0,1,beverage
KFC,Lipton® Brisk® Lemon Tea (16 fl oz),110.0,80.0,0.0,0.0,0.0,0.0,55.0,29.0,0.0,29.0,0.0,139.0,,0,116.0,-6.0,0.0,100.0,0.0,0.0,26.364,0.0,0.0,50.0,1,beverage
KFC,Lipton® Brisk® Lemon Tea (20 fl oz),140.0,80.0,0.0,0.0,0.0,0.0,70.0,36.0,0.0,36.0,0.0,176.0,,0,144.0,-4.0,0.0,100.0,0.0,0.0,25.714,0.0,0.0,50.0,1,beverage
KFC,Lipton® Brisk® Lemon Tea (30 fl oz),210.0,80.0,0.0,0.0,0.0,0.0,105.0,55.0,0.0,54.0,0.0,264.0,,0,220.0,-10.0,0.0,100.0,0.0,0.0,26.19,0.0,0.0,50.0,1,beverage
KFC,Lipton® Brisk® No Calorie Peach Iced Green Tea (12 fl oz),0.0,80.0,0.0,0.0,0.0,0.0,105.0,0.0,0.0,0.0,0.0,0.0,,0,0.0,0.0,,,,,,,,,1,beverage
KFC,Lipton® Brisk® No Calorie Peach Iced Green Tea (16 fl oz),0.0,80.0,0.0,0.0,0.0,0.0,140.0,0.0,0.0,0.0,0.0,0.0,,0,0.0,0.0,,,,,,,,,1,beverage
KFC,Lipton® Brisk® No Calorie Peach Iced Green Tea (20 fl oz),5.0,80.0,0.0,0.0,0.0,0.0,180.0,0.0,0.0,0.0,0.0,5.0,,0,0.0,5.0,,,,0.0,0.0,0.0,0.0,3600.0,1,beverage
KFC,Lipton® Brisk® No Calorie Peach Iced Green Tea (30 fl oz),10.0,80.0,0.0,0.0,0.0,0.0,270.0,0.0,0.0,0.0,0.0,10.0,,0,0.0,10.0,,,,0.0,0.0,0.0,0.0,2700.0,1,beverage
KFC,Lipton® Brisk® Raspberry Tea (12 fl oz),80.0,80.0,0.0,0.0,0.0,0.0,45.0,20.0,0.0,20.0,0.0,100.0,,0,80.0,0.0,0.0,100.0,0.0,0.0,25.0,0.0,0.0,56.25,1,beverage
KFC,Lipton® Brisk® Raspberry Tea (16 fl oz),100.0,80.0,0.0,0.0,0.0,0.0,55.0,26.0,0.0,26.0,0.0,126.0,,0,104.0,-4.0,0.0,100.0,0.0,0.0,26.0,0.0,0.0,55.0,1,beverage
KFC,Lipton® Brisk® Raspberry Tea (20 fl oz),130.0,80.0,0.0,0.0,0.0,0.0,70.0,33.0,0.0,33.0,0.0,163.0,,0,132.0,-2.0,0.0,100.0,0.0,0.0,25.385,0.0,0.0,53.846,1,beverage
KFC,Lipton® Brisk® Raspberry Tea (30 fl oz),190.0,80.0,0.0,0.0,0.0,0.0,110.0,49.0,0.0,49.0,0.0,239.0,,0,196.0,-6.0,0.0,100.0,0.0,0.0,25.789,0.0,0.0,57.895,1,beverage
KFC,Lipton® Brisk® Sweet Iced Tea (12 fl oz),80.0,80.0,0.0,0.0,0.0,0.0,45.0,22.0,0.0,21.0,0.0,101.0,,0,88.0,-8.0,0.0,100.0,0.0,0.0,27.5,0.0,0.0,56.25,1,beverage
KFC,Lipton® Brisk® Sweet Iced Tea (16 fl oz),110.0,80.0,0.0,0.0,0.0,0.0,65.0,29.0,0.0,29.0,0.0,139.0,,0,116.0,-6.0,0.0,100.0,0.0,0.0,26.364,0.0,0.0,59.091,1,beverage
KFC,Lipton® Brisk® Sweet Iced Tea (20 fl oz),130.0,80.0,0.0,0.0,0.0,0.0,80.0,36.0,0.0,36.0,0.0,166.0,,0,144.0,-14.0,0.0,100.0,0.0,0.0,27.692,0.0,0.0,61.538,1,beverage
KFC,Lipton® Brisk® Sweet Iced Tea (30 fl oz),200.0,80.0,0.0,0.0,0.0,0.0,120.0,54.0,0.0,54.0,0.0,254.0,,0,216.0,-16.0,0.0,100.0,0.0,0.0,27.0,0.0,0.0,60.0,1,beverage
KFC,Lipton® Brisk® Unsweetened No Lemon Iced Tea (12 fl oz),0.0,80.0,0.0,0.0,0.0,0.0,45.0,0.0,0.0,0.0,0.0,0.0,,0,0.0,0.0,,,,,,,,,1,beverage
KFC,Lipton® Brisk® Unsweetened No Lemon Iced Tea (16 fl oz),0.0,80.0,0.0,0.0,0.0,0.0,60.0,0.0,0.0,0.0,0.0,0.0,,0,0.0,0.0,,,,,,,,,1,beverage
KFC,Lipton® Brisk® Unsweetened No Lemon Iced Tea (20 fl oz),0.0,80.0,0.0,0.0,0.0,0.0,75.0,0.0,0.0,0.0,0.0,0.0,,0,0.0,0.0,,,,,,,,,1,beverage
KFC,Lipton® Brisk® Unsweetened No Lemon Iced Tea (30 fl oz),0.0,80.0,0.0,0.0,0.0,0.0,115.0,0.0,0.0,0.0,0.0,0.0,,0,0.0,0.0,,,,,,,,,1,beverage
KFC,Manzanita Sol® (12 fl oz),160.0,80.0,0.0,0.0,0.0,0.0,35.0,42.0,0.0,42.0,0.0,202.0,,0,168.0,-8.0,0.0,100.0,0.0,0.0,26.25,0.0,0.0,21.875,1,other
KFC,Manzanita Sol® (16 fl oz),210.0,80.0,0.0,0.0,0.0,0.0,45.0,57.0,0.0,57.0,0.0,267.0,,0,228.0,-18.0,0.0,100.0,0.0,0.0,27.143,0.0,0.0,21.429,1,other
KFC,Manzanita Sol® (20 fl oz),260.0,80.0,0.0,0.0,0.0,0.0,55.0,71.0,0.0,71.0,0.0,331.0,,0,284.0,-24.0,0.0,100.0,0.0,0.0,27.308,0.0,0.0,21.154,1,other
KFC,Manzanita Sol® (30 fl oz),400.0,80.0,0.0,0.0,0.0,0.0,80.0,106.0,0.0,106.0,0.0,506.0,,0,424.0,-24.0,0.0,100.0,0.0,0.0,26.5,0.0,0.0,20.0,1,other
KFC,Miranda® Strawberry (12 fl oz),160.0,80.0,0.0,0.0,0.0,0.0,70.0,44.0,0.0,44.0,0.0,204.0,,0,176.0,-16.0,0.0,100.0,0.0,0.0,27.5,0.0,0.0,43.75,1,other
KFC,Miranda® Strawberry (16 fl oz),220.0,80.0,0.0,0.0,0.0,0.0,95.0,58.0,0.0,58.0,0.0,278.0,,0,232.0,-12.0,0.0,100.0,0.0,0.0,26.364,0.0,0.0,43.182,1,other
KFC,Miranda® Strawberry (20 fl oz),270.0,80.0,0.0,0.0,0.0,0.0,120.0,73.0,0.0,73.0,0.0,343.0,,0,292.0,-22.0,0.0,100.0,0.0,0.0,27.037,0.0,0.0,44.444,1,other
KFC,Miranda® Strawberry (30 fl oz),410.0,80.0,0.0,0.0,0.0,0.0,180.0,109.0,0.0,109.0,0.0,519.0,,0,436.0,-26.0,0.0,100.0,0.0,0.0,26.585,0.0,0.0,43.902,0,other
KFC,Mist Twst® (12 fl oz),150.0,80.0,0.0,0.0,0.0,0.0,35.0,41.0,0.0,41.0,0.0,191.0,,0,164.0,-14.0,0.0,100.0,0.0,0.0,27.333,0.0,0.0,23.333,1,other
KFC,Mist Twst® (16 fl oz),200.0,80.0,0.0,0.0,0.0,0.0,45.0,54.0,0.0,54.0,0.0,254.0,,0,216.0,-16.0,0.0,100.0,0.0,0.0,27.0,0.0,0.0,22.5,1,other
KFC,Mist Twst® (20 fl oz),260.0,80.0,0.0,0.0,0.0,0.0,55.0,68.0,0.0,68.0,0.0,328.0,,0,272.0,-12.0,0.0,100.0,0.0,0.0,26.154,0.0,0.0,21.154,1,other
KFC,Mist Twst® (30 fl oz),380.0,80.0,0.0,0.0,0.0,0.0,80.0,101.0,0.0,101.0,0.0,481.0,,0,404.0,-24.0,0.0,100.0,0.0,0.0,26.579,0.0,0.0,21.053,1,other
KFC,MNT DEW Sweet Lightning (20 fl oz),120.0,80.0,0.0,0.0,0.0,0.0,190.0,32.0,0.0,25.0,0.0,145.0,,0,128.0,-8.0,0.0,100.0,0.0,0.0,26.667,0.0,0.0,158.333,1,other
KFC,Mountain Dew® (12 fl oz),160.0,80.0,0.0,0.0,0.0,0.0,50.0,44.0,0.0,44.0,0.0,204.0,,0,176.0,-16.0,0.0,100.0,0.0,0.0,27.5,0.0,0.0,31.25,1,other
KFC,Mountain Dew® (16 fl oz),220.0,80.0,0.0,0.0,0.0,0.0,70.0,59.0,0.0,58.0,0.0,278.0,,0,236.0,-16.0,0.0,100.0,0.0,0.0,26.818,0.0,0.0,31.818,1,other
KFC,Mountain Dew® (20 fl oz),270.0,80.0,0.0,0.0,0.0,0.0,85.0,73.0,0.0,73.0,0.0,343.0,,0,292.0,-22.0,0.0,100.0,0.0,0.0,27.037,0.0,0.0,31.481,1,other
KFC,Mountain Dew® (30 fl oz),410.0,80.0,0.0,0.0,0.0,0.0,125.0,110.0,0.0,109.0,0.0,519.0,,0,440.0,-30.0,0.0,100.0,0.0,0.0,26.829,0.0,0.0,30.488,0,other
KFC,Mug Root Beer® (12 fl oz),140.0,80.0,0.0,0.0,0.0,0.0,45.0,39.0,0.0,39.0,0.0,179.0,,0,156.0,-16.0,0.0,100.0,0.0,0.0,27.857,0.0,0.0,32.143,1,other
KFC,Mug Root Beer® (16 fl oz),190.0,80.0,0.0,0.0,0.0,0.0,60.0,52.0,0.0,52.0,0.0,242.0,,0,208.0,-18.0,0.0,100.0,0.0,0.0,27.368,0.0,0.0,31.579,1,other
KFC,Mug Root Beer® (20 fl oz),240.0,80.0,0.0,0.0,0.0,0.0,75.0,65.0,0.0,65.0,0.0,305.0,,0,260.0,-20.0,0.0,100.0,0.0,0.0,27.083,0.0,0.0,31.25,1,other
KFC,Mug Root Beer® (30 fl oz),360.0,80.0,0.0,0.0,0.0,0.0,110.0,98.0,0.0,98.0,0.0,458.0,,0,392.0,-32.0,0.0,100.0,0.0,0.0,27.222,0.0,0.0,30.556,1,other
KFC,Pepsi Zero Sugar® (12 fl oz),0.0,80.0,0.0,0.0,0.0,0.0,35.0,0.0,0.0,0.0,0.0,0.0,,0,0.0,0.0,,,,,,,,,1,other
KFC,Pepsi Zero Sugar® (16 fl oz),0.0,80.0,0.0,0.0,0.0,0.0,50.0,0.0,0.0,0.0,0.0,0.0,,0,0.0,0.0,,,,,,,,,1,other
KFC,Pepsi Zero Sugar® (20 fl oz),0.0,80.0,0.0,0.0,0.0,0.0,60.0,0.0,0.0,0.0,0.0,0.0,,0,0.0,0.0,,,,,,,,,1,other
KFC,Pepsi Zero Sugar® (30 fl oz),0.0,80.0,0.0,0.0,0.0,0.0,95.0,1.0,0.0,0.0,0.0,0.0,,0,4.0,-4.0,0.0,100.0,0.0,,,,,,1,other
KFC,Pepsi® (12 fl oz),150.0,80.0,0.0,0.0,0.0,0.0,30.0,41.0,0.0,41.0,0.0,191.0,,0,164.0,-14.0,0.0,100.0,0.0,0.0,27.333,0.0,0.0,20.0,1,other
KFC,Pepsi® (16 fl oz),200.0,80.0,0.0,0.0,0.0,0.0,45.0,55.0,0.0,55.0,0.0,255.0,,0,220.0,-20.0,0.0,100.0,0.0,0.0,27.5,0.0,0.0,22.5,1,other
KFC,Pepsi® (20 fl oz),250.0,80.0,0.0,0.0,0.0,0.0,55.0,69.0,0.0,69.0,0.0,319.0,,0,276.0,-26.0,0.0,100.0,0.0,0.0,27.6,0.0,0.0,22.0,1,other
KFC,Pepsi® (30 fl oz),380.0,80.0,0.0,0.0,0.0,0.0,80.0,104.0,0.0,103.0,0.0,483.0,,0,416.0,-36.0,0.0,100.0,0.0,0.0,27.368,0.0,0.0,21.053,1,other
KFC,Sobe Lifewater Yumberry Pomegranate (12 fl oz),0.0,80.0,0.0,0.0,0.0,0.0,45.0,0.0,0.0,0.0,0.0,0.0,,0,0.0,0.0,,,,,,,,,1,other
KFC,Sobe Lifewater Yumberry Pomegranate (16 fl oz),0.0,80.0,0.0,0.0,0.0,0.0,65.0,0.0,0.0,0.0,0.0,0.0,,0,0.0,0.0,,,,,,,,,1,other
KFC,Sobe Lifewater Yumberry Pomegranate (20 fl oz),0.0,80.0,0.0,0.0,0.0,0.0,80.0,0.0,0.0,0.0,0.0,0.0,,0,0.0,0.0,,,,,,,,,1,other
KFC,Sobe Lifewater Yumberry Pomegranate (30 fl oz),5.0,80.0,0.0,0.0,0.0,0.0,120.0,1.0,0.0,0.0,0.0,5.0,,0,4.0,1.0,0.0,100.0,0.0,0.0,20.0,0.0,0.0,2400.0,1,other
KFC,Strawberry Lemonade (1/2 Gallon),950.0,80.0,0.0,0.0,0.0,0.0,790.0,270.0,0.0,264.0,0.0,1214.0,,0,1080.0,-130.0,0.0,100.0,0.0,0.0,28.421,0.0,0.0,83.158,0,other
KFC,Strawberry Lemonade (20 fl oz),170.0,80.0,0.0,0.0,0.0,0.0,130.0,45.0,0.0,44.0,0.0,214.0,,0,180.0,-10.0,0.0,100.0,0.0,0.0,26.471,0.0,0.0,76.471,1,other
KFC,Tropicana® Fruit Punch (12 fl oz),170.0,80.0,0.0,0.0,0.0,0.0,35.0,45.0,0.0,45.0,0.0,215.0,,0,180.0,-10.0,0.0,100.0,0.0,0.0,26.471,0.0,0.0,20.588,1,other
KFC,Tropicana® Fruit Punch (16 fl oz),230.0,80.0,0.0,0.0,0.0,0.0,45.0,60.0,0.0,60.0,0.0,290.0,,0,240.0,-10.0,0.0,100.0,0.0,0.0,26.087,0.0,0.0,19.565,1,other
KFC,Tropicana® Fruit Punch (20 fl oz),280.0,80.0,0.0,0.0,0.0,0.0,60.0,75.0,0.0,75.0,0.0,355.0,,0,300.0,-20.0,0.0,100.0,0.0,0.0,26.786,0.0,0.0,21.429,1,other
KFC,Tropicana® Fruit Punch (30 fl oz),420.0,80.0,0.0,0.0,0.0,0.0,90.0,113.0,0.0,112.0,0.0,532.0,,0,452.0,-32.0,0.0,100.0,0.0,0.0,26.905,0.0,0.0,21.429,0,other
KFC,Tropicana® Light Lemonade (12 fl oz),5.0,80.0,0.0,0.0,0.0,0.0,140.0,0.0,0.0,0.0,0.0,5.0,,0,0.0,5.0,,,,0.0,0.0,0.0,0.0,2800.0,1,other
KFC,Tropicana® Light Lemonade (16 fl oz),10.0,80.0,0.0,0.0,0.0,0.0,190.0,0.0,0.0,0.0,0.0,10.0,,0,0.0,10.0,,,,0.0,0.0,0.0,0.0,1900.0,1,other
KFC,Tropicana® Light Lemonade (20 fl oz),10.0,80.0,0.0,0.0,0.0,0.0,240.0,0.0,0.0,0.0,0.0,10.0,,0,0.0,10.0,,,,0.0,0.0,0.0,0.0,2400.0,1,other
KFC,Tropicana® Light Lemonade (30 fl oz),15.0,80.0,0.0,0.0,0.0,0.0,350.0,1.0,0.0,0.0,0.0,15.0,,0,4.0,11.0,0.0,100.0,0.0,0.0,6.667,0.0,0.0,2333.333,1,other
KFC,Tropicana® Pink Lemonade (12 fl oz),150.0,80.0,0.0,0.0,0.0,0.0,160.0,40.0,0.0,40.0,0.0,190.0,,0,160.0,-10.0,0.0,100.0,0.0,0.0,26.667,0.0,0.0,106.667,1,other
KFC,Tropicana® Pink Lemonade (16 fl oz),210.0,80.0,0.0,0.0,0.0,0.0,210.0,53.0,0.0,53.0,0.0,263.0,,0,212.0,-2.0,0.0,100.0,0.0,0.0,25.238,0.0,0.0,100.0,1,other
KFC,Tropicana® Pink Lemonade (20 fl oz),260.0,80.0,0.0,0.0,0.0,0.0,260.0,67.0,0.0,67.0,0.0,327.0,,0,268.0,-8.0,0.0,100.0,0.0,0.0,25.769,0.0,0.0,100.0,1,other
KFC,Tropicana® Pink Lemonade (30 fl oz),390.0,80.0,0.0,0.0,0.0,0.0,390.0,100.0,0.0,100.0,0.0,490.0,,0,400.0,-10.0,0.0,100.0,0.0,0.0,25.641,0.0,0.0,100.0,1,other
KFC,Tropicana® Twister® Orange (12 fl oz),170.0,80.0,0.0,0.0,0.0,0.0,35.0,46.0,0.0,46.0,0.0,216.0,,0,184.0,-14.0,0.0,100.0,0.0,0.0,27.059,0.0,0.0,20.588,1,other
KFC,Tropicana® Twister® Orange (16 fl oz),230.0,80.0,0.0,0.0,0.0,0.0,50.0,61.0,0.0,61.0,0.0,291.0,,0,244.0,-14.0,0.0,100.0,0.0,0.0,26.522,0.0,0.0,21.739,1,other
KFC,Tropicana® Twister® Orange (20 fl oz),290.0,80.0,0.0,0.0,0.0,0.0,60.0,76.0,0.0,76.0,0.0,366.0,,0,304.0,-14.0,0.0,100.0,0.0,0.0,26.207,0.0,0.0,20.69,1,other
KFC,Tropicana® Twister® Orange (30 fl oz),430.0,80.0,0.0,0.0,0.0,0.0,90.0,115.0,0.0,114.0,0.0,544.0,,0,460.0,-30.0,0.0,100.0,0.0,0.0,26.744,0.0,0.0,20.93,0,other
KFC,Wild Cherry Pepsi® (12 fl oz),160.0,80.0,0.0,0.0,0.0,0.0,30.0,42.0,0.0,42.0,0.0,202.0,,0,168.0,-8.0,0.0,100.0,0.0,0.0,26.25,0.0,0.0,18.75,1,other
KFC,Wild Cherry Pepsi® (16 fl oz),210.0,80.0,0.0,0.0,0.0,0.0,40.0,56.0,0.0,56.0,0.0,266.0,,0,224.0,-14.0,0.0,100.0,0.0,0.0,26.667,0.0,0.0,19.048,1,other
KFC,Wild Cherry Pepsi® (20 fl oz),260.0,80.0,0.0,0.0,0.0,0.0,50.0,70.0,0.0,70.0,0.0,330.0,,0,280.0,-20.0,0.0,100.0,0.0,0.0,26.923,0.0,0.0,19.231,1,other
KFC,Wild Cherry Pepsi® (30 fl oz),390.0,80.0,0.0,0.0,0.0,0.0,80.0,105.0,0.0,105.0,0.0,495.0,,0,420.0,-30.0,0.0,100.0,0.0,0.0,26.923,0.0,0.0,20.513,1,other
KFC,Country Fried Steak without Peppered White Gravy,360.0,80.0,24.0,7.0,1.0,35.0,750.0,22.0,2.0,0.0,13.0,354.0,,0,356.0,4.0,14.61,24.72,60.67,3.611,6.111,6.667,0.556,208.333,0,beverage
KFC,Country Fried Steak with Peppered White Gravy,390.0,80.0,26.0,7.0,1.0,35.0,910.0,26.0,2.0,0.0,13.0,384.0,,0,390.0,0.0,13.33,26.67,60.0,3.333,6.667,6.667,0.513,233.333,0,beverage
KFC,KFC® Gizzards,300.0,80.0,16.0,2.0,0.0,210.0,770.0,18.0,0.0,0.0,20.0,282.0,,0,296.0,4.0,27.03,24.32,48.65,6.667,6.0,5.333,0.0,256.667,0,other
KFC,KFC® Livers,230.0,80.0,13.0,2.5,0.0,285.0,750.0,12.0,0.0,0.0,17.0,215.5,,0,233.0,-3.0,29.18,20.6,50.21,7.391,5.217,5.652,0.0,326.087,0,other
Taco Bell,Bacon Club Chalupa,440.0,240.0,27.0,5.0,0.0,50.0,840.0,31.0,2.0,3.0,20.0,276.0,,0,447.0,-7.0,17.9,27.74,54.36,4.545,7.045,6.136,0.455,190.909,0,other
Taco Bell,Blue Raspberry Freeze™ (16 oz),120.0,0.0,0.0,0.0,0.0,0.0,35.0,30.0,0.0,30.0,0.0,276.0,,0,120.0,0.0,0.0,100.0,0.0,0.0,25.0,0.0,0.0,29.167,1,other
Taco Bell,Blue Raspberry Freeze™ (20 oz),150.0,0.0,0.0,0.0,0.0,0.0,40.0,38.0,0.0,38.0,0.0,276.0,,0,152.0,-2.0,0.0,100.0,0.0,0.0,25.333,0.0,0.0,26.667,1,other
Taco Bell,Loaded Nacho Taco,250.0,110.0,12.0,4.5,0.0,25.0,610.0,24.0,3.0,2.0,10.0,276.0,,0,244.0,6.0,16.39,39.34,44.26,4.0,9.6,4.8,1.2,244.0,0,other
Taco Bell,Midnight Berry Freeze™ (16 oz),140.0,0.0,0.0,0.0,0.0,0.0,35.0,35.0,0.0,34.0,0.0,276.0,,0,140.0,0.0,0.0,100.0,0.0,0.0,25.0,0.0,0.0,25.0,1,other
Taco Bell,Midnight Berry Freeze™ (20 oz),170.0,0.0,0.0,0.0,0.0,0.0,40.0,43.0,0.0,42.0,0.0,276.0,,0,172.0,-2.0,0.0,100.0,0.0,0.0,25.294,0.0,0.0,23.529,1,other
Taco Bell,Nacho Fries,320.0,160.0,18.0,1.5,0.0,20.0,630.0,35.0,4.0,2.0,4.0,276.0,,0,318.0,2.0,5.03,44.03,50.94,1.25,10.938,5.625,1.25,196.875,0,sides
Taco Bell,Nacho Fries BellGrande®,710.0,360.0,40.0,6.0,0.0,30.0,1440.0,73.0,10.0,4.0,13.0,276.0,,0,704.0,6.0,7.39,41.48,51.14,1.831,10.282,5.634,1.408,202.817,0,sides
Taco Bell,Black Bean Chalupa – Online Exclusive,330.0,140.0,15.0,3.0,0.0,10.0,430.0,39.0,5.0,3.0,10.0,276.0,,0,331.0,-1.0,12.08,47.13,40.79,3.03,11.818,4.545,1.515,130.303,1,other
Taco Bell,Black Bean Quesarito – Online Exclusive,630.0,270.0,29.0,10.0,0.0,35.0,1260.0,73.0,7.0,5.0,19.0,276.0,,0,629.0,1.0,12.08,46.42,41.49,3.016,11.587,4.603,1.111,200.0,0,other
Taco Bell,Quesarito – Online Exclusive,650.0,300.0,33.0,12.0,0.5,55.0,1390.0,67.0,6.0,5.0,22.0,276.0,,0,653.0,-3.0,13.48,41.04,45.48,3.385,10.308,5.077,0.923,213.846,0,other
Taco Bell,Chalupa Supreme® – Beef,350.0,170.0,18.0,5.0,0.0,25.0,560.0,33.0,4.0,3.0,13.0,276.0,,0,346.0,4.0,15.03,38.15,46.82,3.714,9.429,5.143,1.143,160.0,1,other
Taco Bell,Chalupa Supreme® – Chicken,330.0,140.0,15.0,3.5,0.0,35.0,560.0,31.0,2.0,3.0,16.0,276.0,,0,323.0,7.0,19.81,38.39,41.8,4.848,9.394,4.545,0.606,169.697,1,chicken
Taco Bell,Chalupa Supreme® – Steak,330.0,140.0,16.0,4.0,0.0,30.0,530.0,32.0,2.0,3.0,15.0,276.0,,0,332.0,-2.0,18.07,38.55,43.37,4.545,9.697,4.848,0.606,160.606,1,beverage
Taco Bell,Cheesy Gordita Crunch,500.0,250.0,28.0,10.0,0.5,55.0,850.0,41.0,5.0,4.0,20.0,276.0,,0,496.0,4.0,16.13,33.06,50.81,4.0,8.2,5.6,1.0,170.0,0,other
Taco Bell,Crunchy Taco,170.0,80.0,9.0,3.5,0.0,25.0,310.0,13.0,3.0,8.0,8.0,276.0,,0,165.0,5.0,19.39,31.52,49.09,4.706,7.647,5.294,1.765,182.353,1,other
Taco Bell,Crunchy Taco Supreme®,190.0,100.0,11.0,4.5,0.0,25.0,340.0,15.0,3.0,2.0,8.0,276.0,,0,191.0,-1.0,16.75,31.41,51.83,4.211,7.895,5.789,1.579,178.947,1,other
Taco Bell,Loaded Nacho Taco (New),250.0,110.0,12.0,4.5,0.0,25.0,610.0,24.0,3.0,2.0,10.0,276.0,,0,244.0,6.0,16.39,39.34,44.26,4.0,9.6,4.8,1.2,244.0,0,other
Taco Bell,Nacho Cheese Doritos® Locos Taco,170.0,80.0,9.0,3.5,0.0,25.0,360.0,13.0,3.0,8.0,8.0,276.0,,0,165.0,5.0,19.39,31.52,49.09,4.706,7.647,5.294,1.765,211.765,1,other
Taco Bell,Nacho Cheese Doritos® Locos Taco Supreme®,190.0,100.0,11.0,4.5,0.0,30.0,380.0,15.0,3.0,2.0,8.0,276.0,,0,191.0,-1.0,16.75,31.41,51.83,4.211,7.895,5.789,1.579,200.0,1,other
Taco Bell,Soft Taco – Beef,180.0,80.0,9.0,4.0,0.0,25.0,500.0,17.0,3.0,1.0,9.0,276.0,,0,185.0,-5.0,19.46,36.76,43.78,5.0,9.444,5.0,1.667,277.778,1,other
Taco Bell,Soft Taco – Chicken,160.0,50.0,5.0,2.5,0.0,30.0,500.0,16.0,1.0,1.0,12.0,276.0,,0,157.0,3.0,30.57,40.76,28.66,7.5,10.0,3.125,0.625,312.5,1,chicken
Taco Bell,Soft Taco – Beef,210.0,90.0,10.0,5.0,0.0,25.0,520.0,20.0,3.0,2.0,10.0,276.0,,0,210.0,0.0,19.05,38.1,42.86,4.762,9.524,4.762,1.429,247.619,1,other
Taco Bell,Soft Taco – Chicken,180.0,60.0,7.0,3.5,0.0,35.0,520.0,18.0,2.0,2.0,13.0,276.0,,0,187.0,-7.0,27.81,38.5,33.69,7.222,10.0,3.889,1.111,288.889,1,chicken
Taco Bell,Bean Burrito (V),350.0,80.0,9.0,3.5,0.0,5.0,1000.0,54.0,11.0,3.0,13.0,276.0,,0,349.0,1.0,14.9,61.89,23.21,3.714,15.429,2.571,3.143,285.714,0,other
Taco Bell,Beefy 5-Layer Burrito,490.0,160.0,18.0,7.0,0.0,30.0,1250.0,63.0,9.0,5.0,18.0,276.0,,0,486.0,4.0,14.81,51.85,33.33,3.673,12.857,3.673,1.837,255.102,0,other
Taco Bell,Burrito Supreme® – Beef,390.0,130.0,14.0,6.0,0.0,25.0,1110.0,51.0,9.0,4.0,16.0,276.0,,0,394.0,-4.0,16.24,51.78,31.98,4.103,13.077,3.59,2.308,284.615,0,other
Taco Bell,Burrito Supreme® – Chicken,370.0,100.0,11.0,4.5,0.0,35.0,1110.0,49.0,8.0,4.0,19.0,276.0,,0,371.0,-1.0,20.49,52.83,26.68,5.135,13.243,2.973,2.162,300.0,0,chicken
Taco Bell,Burrito Supreme® – Steak,370.0,110.0,12.0,5.0,0.0,30.0,1090.0,49.0,7.0,4.0,18.0,276.0,,0,376.0,-6.0,19.15,52.13,28.72,4.865,13.243,3.243,1.892,294.595,0,beverage
Taco Bell,Chili Cheese Burrito (regional),370.0,150.0,17.0,8.0,0.0,35.0,970.0,40.0,4.0,2.0,16.0,276.0,,0,377.0,-7.0,16.98,42.44,40.58,4.324,10.811,4.595,1.081,262.162,0,other
Taco Bell,Quesarito – Beef,650.0,300.0,33.0,12.0,0.5,55.0,1390.0,67.0,6.0,5.0,22.0,276.0,,0,653.0,-3.0,13.48,41.04,45.48,3.385,10.308,5.077,0.923,213.846,0,other
Taco Bell,Quesarito – Chicken,620.0,270.0,29.0,11.0,0.0,65.0,1390.0,66.0,4.0,4.0,25.0,276.0,,0,625.0,-5.0,16.0,42.24,41.76,4.032,10.645,4.677,0.645,224.194,0,chicken
Taco Bell,Quesarito – Steak,630.0,270.0,30.0,11.0,0.0,60.0,1370.0,66.0,4.0,4.0,24.0,276.0,,0,630.0,0.0,15.24,41.9,42.86,3.81,10.476,4.762,0.635,217.46,0,beverage
Taco Bell,Chips and Nacho Cheese Sauce (V),220.0,120.0,13.0,1.5,0.0,20.0,250.0,24.0,2.0,2.0,2.0,276.0,,0,221.0,-1.0,3.62,43.44,52.94,0.909,10.909,5.909,0.909,113.636,1,other
Taco Bell,Nacho Fries (V) (New),320.0,160.0,18.0,1.5,0.0,20.0,630.0,35.0,4.0,2.0,4.0,276.0,,0,318.0,2.0,5.03,44.03,50.94,1.25,10.938,5.625,1.25,196.875,0,sides
Taco Bell,Nacho Fries BellGrande® (New),710.0,360.0,40.0,6.0,0.0,30.0,1440.0,73.0,10.0,4.0,13.0,276.0,,0,704.0,6.0,7.39,41.48,51.14,1.831,10.282,5.634,1.408,202.817,0,sides
Taco Bell,Nachos BellGrande® – Beef,740.0,340.0,38.0,7.0,0.0,25.0,1050.0,82.0,15.0,5.0,16.0,276.0,,0,734.0,6.0,8.72,44.69,46.59,2.162,11.081,5.135,2.027,141.892,0,other
Taco Bell,Nachos BellGrande® – Chicken,720.0,310.0,35.0,6.0,0.0,35.0,1050.0,81.0,14.0,5.0,20.0,276.0,,0,719.0,1.0,11.13,45.06,43.81,2.778,11.25,4.861,1.944,145.833,0,chicken
Taco Bell,Nachos BellGrande® – Steak,720.0,320.0,36.0,6.0,0.0,30.0,1030.0,81.0,14.0,5.0,19.0,276.0,,0,724.0,-4.0,10.5,44.75,44.75,2.639,11.25,5.0,1.944,143.056,0,beverage
Taco Bell,Beef Quesarito,650.0,300.0,33.0,12.0,0.5,55.0,1390.0,67.0,6.0,5.0,22.0,276.0,,0,653.0,-3.0,13.48,41.04,45.48,3.385,10.308,5.077,0.923,213.846,0,other
Taco Bell,Black Bean Quesarito (V),630.0,270.0,29.0,10.0,0.0,35.0,1260.0,73.0,7.0,5.0,19.0,276.0,,0,629.0,1.0,12.08,46.42,41.49,3.016,11.587,4.603,1.111,200.0,0,other
Taco Bell,Quesadilla – Cheese (V),470.0,230.0,25.0,12.0,0.5,50.0,990.0,37.0,4.0,2.0,19.0,276.0,,0,449.0,21.0,16.93,32.96,50.11,4.043,7.872,5.319,0.851,210.638,0,other
Taco Bell,Quesadilla – Chicken,510.0,240.0,26.0,12.0,0.5,75.0,1250.0,38.0,4.0,2.0,27.0,276.0,,0,494.0,16.0,21.86,30.77,47.37,5.294,7.451,5.098,0.784,245.098,0,chicken
Taco Bell,Quesadilla – Steak,520.0,240.0,27.0,12.0,0.5,70.0,1230.0,38.0,4.0,2.0,27.0,276.0,,0,503.0,17.0,21.47,30.22,48.31,5.192,7.308,5.192,0.769,236.538,0,beverage
Taco Bell,Bacon Club Chalupa – Specialties,440.0,240.0,27.0,5.0,0.0,50.0,840.0,31.0,2.0,3.0,20.0,276.0,,0,447.0,-7.0,17.9,27.74,54.36,4.545,7.045,6.136,0.455,190.909,0,other
Taco Bell,Black Bean Chalupa – Specialties,330.0,140.0,15.0,3.0,0.0,10.0,430.0,39.0,5.0,3.0,10.0,276.0,,0,331.0,-1.0,12.08,47.13,40.79,3.03,11.818,4.545,1.515,130.303,1,other
Taco Bell,Black Bean Crunchwrap Supreme – Specialties,510.0,160.0,17.0,4.5,0.0,5.0,1080.0,77.0,8.0,6.0,13.0,276.0,,0,513.0,-3.0,10.14,60.04,29.82,2.549,15.098,3.333,1.569,211.765,0,wrap
Taco Bell,Black Bean Quesarito – Specialties,630.0,270.0,29.0,10.0,0.0,35.0,1260.0,73.0,7.0,5.0,19.0,276.0,,0,629.0,1.0,12.08,46.42,41.49,3.016,11.587,4.603,1.111,200.0,0,other
Taco Bell,Chalupa Supreme® – Specialties,350.0,170.0,18.0,5.0,0.0,25.0,560.0,33.0,4.0,3.0,13.0,276.0,,0,346.0,4.0,15.03,38.15,46.82,3.714,9.429,5.143,1.143,160.0,1,other
Taco Bell,Cheesy Gordita Crunch – Specialties,500.0,250.0,28.0,10.0,0.5,55.0,850.0,41.0,5.0,4.0,20.0,276.0,,0,496.0,4.0,16.13,33.06,50.81,4.0,8.2,5.6,1.0,170.0,0,other
Taco Bell,Cheesy Roll Up – Specialties,180.0,80.0,9.0,5.0,0.0,20.0,430.0,15.0,2.0,8.0,9.0,276.0,,0,177.0,3.0,20.34,33.9,45.76,5.0,8.333,5.0,1.111,238.889,1,other
Taco Bell,Crunchwrap Supreme® – Specialties,530.0,190.0,21.0,6.0,0.0,25.0,1200.0,71.0,6.0,6.0,16.0,276.0,,0,537.0,-7.0,11.92,52.89,35.2,3.019,13.396,3.962,1.132,226.415,0,wrap
Taco Bell,Crunchy Taco – Specialties,170.0,80.0,9.0,3.5,0.0,25.0,310.0,13.0,3.0,8.0,8.0,276.0,,0,165.0,5.0,19.39,31.52,49.09,4.706,7.647,5.294,1.765,182.353,1,other
Taco Bell,Nacho Cheese Doritos® Locos Taco – Specialties,170.0,80.0,9.0,3.5,0.0,25.0,360.0,13.0,3.0,8.0,8.0,276.0,,0,165.0,5.0,19.39,31.52,49.09,4.706,7.647,5.294,1.765,211.765,1,other
Taco Bell,Nachos BellGrande® – Specialties,740.0,340.0,38.0,7.0,0.0,25.0,1050.0,82.0,15.0,5.0,16.0,276.0,,0,734.0,6.0,8.72,44.69,46.59,2.162,11.081,5.135,2.027,141.892,0,other
Taco Bell,Power Menu Bowl – Specialties,470.0,170.0,19.0,6.0,0.0,70.0,1200.0,50.0,7.0,2.0,26.0,276.0,,0,475.0,-5.0,21.89,42.11,36.0,5.532,10.638,4.043,1.489,255.319,0,other
Taco Bell,Quesadilla – Specialties,510.0,240.0,26.0,12.0,0.5,75.0,1250.0,38.0,4.0,2.0,27.0,276.0,,0,494.0,16.0,21.86,30.77,47.37,5.294,7.451,5.098,0.784,245.098,0,other
Taco Bell,Quesarito – Specialties,650.0,300.0,33.0,12.0,0.5,55.0,1390.0,67.0,6.0,5.0,22.0,276.0,,0,653.0,-3.0,13.48,41.04,45.48,3.385,10.308,5.077,0.923,213.846,0,other
Taco Bell,Soft Taco – Specialties,180.0,80.0,9.0,4.0,0.0,25.0,500.0,17.0,3.0,1.0,9.0,276.0,,0,185.0,-5.0,19.46,36.76,43.78,5.0,9.444,5.0,1.667,277.778,1,other
Taco Bell,Soft Taco Supreme – Specialties,210.0,90.0,10.0,5.0,0.0,25.0,520.0,20.0,3.0,2.0,10.0,276.0,,0,210.0,0.0,19.05,38.1,42.86,4.762,9.524,4.762,1.429,247.619,1,other
Taco Bell,Veggie Power Menu Bowl – Specialties,430.0,160.0,17.0,5.0,0.0,20.0,810.0,57.0,10.0,2.0,12.0,276.0,,0,429.0,1.0,11.19,53.15,35.66,2.791,13.256,3.953,2.326,188.372,0,veg
Taco Bell,Black Beans & Rice (V),170.0,30.0,3.5,0.0,0.0,0.0,320.0,31.0,4.0,0.0,4.0,276.0,,0,171.5,-1.5,9.33,72.3,18.37,2.353,18.235,2.059,2.353,188.235,1,other
Taco Bell,Black Beans (V),50.0,10.0,1.0,0.0,0.0,0.0,135.0,8.0,3.0,0.0,2.0,276.0,,0,49.0,1.0,16.33,65.31,18.37,4.0,16.0,2.0,6.0,270.0,1,other
Taco Bell,Cinnabon® Delights™ (2 Pk) (V),160.0,80.0,9.0,2.0,0.0,5.0,80.0,17.0,0.0,10.0,2.0,276.0,,0,157.0,3.0,5.1,43.31,51.59,1.25,10.625,5.625,0.0,50.0,1,other
Taco Bell,Cinnabon® Delights™ (12 Pk – Serves 4) (V),930.0,480.0,53.0,13.0,2.0,40.0,480.0,104.0,3.0,59.0,9.0,276.0,,0,929.0,1.0,3.88,44.78,51.35,0.968,11.183,5.699,0.323,51.613,0,other
Taco Bell,Cinnamon Twists (V),170.0,50.0,6.0,0.0,0.0,0.0,210.0,27.0,0.0,13.0,1.0,276.0,,0,166.0,4.0,2.41,65.06,32.53,0.588,15.882,3.529,0.0,123.529,1,other
Taco Bell,Diablo Sauce Packet (V),0.0,0.0,0.0,0.0,0.0,0.0,30.0,0.0,0.0,0.0,0.0,276.0,,0,0.0,0.0,,,,,,,,,1,other
Taco Bell,Fire Sauce Packet (V),0.0,0.0,0.0,0.0,0.0,0.0,55.0,0.0,0.0,0.0,0.0,276.0,,0,0.0,0.0,,,,,,,,,1,other
Taco Bell,Hot Sauce Packet (V),0.0,0.0,0.0,0.0,0.0,0.0,45.0,0.0,0.0,0.0,0.0,276.0,,0,0.0,0.0,,,,,,,,,1,other
Taco Bell,Mild Sauce Packet (V),0.0,0.0,0.0,0.0,0.0,0.0,30.0,0.0,0.0,0.0,0.0,276.0,,0,0.0,0.0,,,,,,,,,1,other
Taco Bell,Blue Raspberry Freeze™ (16 oz) (New),120.0,0.0,0.0,0.0,0.0,0.0,35.0,30.0,0.0,30.0,0.0,276.0,,0,120.0,0.0,0.0,100.0,0.0,0.0,25.0,0.0,0.0,29.167,1,other
Taco Bell,Blue Raspberry Freeze™ (20 oz) (New),150.0,0.0,0.0,0.0,0.0,0.0,40.0,38.0,0.0,38.0,0.0,276.0,,0,152.0,-2.0,0.0,100.0,0.0,0.0,25.333,0.0,0.0,26.667,1,other
Taco Bell,Dragon Fruit Freeze (16 oz),190.0,0.0,0.0,0.0,0.0,0.0,50.0,49.0,0.0,47.0,0.0,276.0,,0,196.0,-6.0,0.0,100.0,0.0,0.0,25.789,0.0,0.0,26.316,1,other
Taco Bell,Dragon Fruit Freeze (20 oz),230.0,0.0,0.0,0.0,0.0,0.0,60.0,59.0,0.0,57.0,0.0,276.0,,0,236.0,-6.0,0.0,100.0,0.0,0.0,25.652,0.0,0.0,26.087,1,other
Taco Bell,Lowfat Milk – CA (Regional),100.0,20.0,2.0,1.5,0.0,10.0,130.0,13.0,0.0,12.0,9.0,276.0,,0,106.0,-6.0,33.96,49.06,16.98,9.0,13.0,2.0,0.0,130.0,1,other
Taco Bell,Lowfat Milk – Federal (Regional),80.0,20.0,2.0,1.5,0.0,10.0,100.0,10.0,0.0,9.0,7.0,276.0,,0,86.0,-6.0,32.56,46.51,20.93,8.75,12.5,2.5,0.0,125.0,1,other
Taco Bell,Midnight Berry Freeze™ (16 oz) (New),140.0,0.0,0.0,0.0,0.0,0.0,35.0,35.0,0.0,34.0,0.0,276.0,,0,140.0,0.0,0.0,100.0,0.0,0.0,25.0,0.0,0.0,25.0,1,other
Taco Bell,Midnight Berry Freeze™ (20 oz) (New),170.0,0.0,0.0,0.0,0.0,0.0,40.0,43.0,0.0,42.0,0.0,276.0,,0,172.0,-2.0,0.0,100.0,0.0,0.0,25.294,0.0,0.0,23.529,1,other
Taco Bell,Mtn Dew® Baja Blast Freeze™ (16 oz),150.0,0.0,0.0,0.0,0.0,0.0,45.0,41.0,0.0,41.0,0.0,276.0,,0,164.0,-14.0,0.0,100.0,0.0,0.0,27.333,0.0,0.0,30.0,1,other
Taco Bell,Mtn Dew® Baja Blast Freeze™ (20 oz),190.0,0.0,0.0,0.0,0.0,0.0,55.0,51.0,0.0,51.0,0.0,276.0,,0,204.0,-14.0,0.0,100.0,0.0,0.0,26.842,0.0,0.0,28.947,1,other
Taco Bell,Orange Juice,140.0,0.0,0.0,0.0,0.0,0.0,20.0,33.0,0.0,28.0,2.0,276.0,,0,140.0,0.0,5.71,94.29,0.0,1.429,23.571,0.0,0.0,14.286,1,other
Taco Bell,Premium Hot Coffee,10.0,0.0,0.0,0.0,0.0,0.0,0.0,0.0,0.0,0.0,2.0,276.0,,0,8.0,2.0,100.0,0.0,0.0,20.0,0.0,0.0,0.0,0.0,1,beverage
Taco Bell,Regular Iced Coffee,10.0,0.0,0.0,0.0,0.0,0.0,0.0,0.0,0.0,0.0,2.0,276.0,,0,8.0,2.0,100.0,0.0,0.0,20.0,0.0,0.0,0.0,0.0,1,beverage
Taco Bell,Wild Strawberry Freeze™ (16 oz),150.0,0.0,0.0,0.0,0.0,0.0,40.0,41.0,0.0,41.0,0.0,276.0,,0,164.0,-14.0,0.0,100.0,0.0,0.0,27.333,0.0,0.0,26.667,1,other
Taco Bell,Wild Strawberry Freeze™ (20 oz),190.0,0.0,0.0,0.0,0.0,0.0,55.0,51.0,0.0,51.0,0.0,276.0,,0,204.0,-14.0,0.0,100.0,0.0,0.0,26.842,0.0,0.0,28.947,1,other
Taco Bell,Beef Burrito – Value Menu,430.0,170.0,19.0,5.0,0.0,20.0,970.0,51.0,4.0,3.0,12.0,276.0,,0,423.0,7.0,11.35,48.23,40.43,2.791,11.86,4.419,0.93,225.581,0,other
Taco Bell,Cheesy Bean & Rice Burrito – Value Menu,420.0,140.0,16.0,4.0,0.0,20.0,880.0,56.0,7.0,3.0,10.0,276.0,,0,408.0,12.0,9.8,54.9,35.29,2.381,13.333,3.81,1.667,209.524,0,other
Taco Bell,Cheesy Roll Up – Value Menu,180.0,80.0,9.0,5.0,0.0,20.0,430.0,15.0,2.0,8.0,9.0,276.0,,0,177.0,3.0,20.34,33.9,45.76,5.0,8.333,5.0,1.111,238.889,1,other
Taco Bell,Chicken Chipotle Melt – Value Menu,190.0,80.0,9.0,3.0,0.0,35.0,530.0,15.0,1.0,8.0,12.0,276.0,,0,189.0,1.0,25.4,31.75,42.86,6.316,7.895,4.737,0.526,278.947,1,chicken
Taco Bell,Chips and Nacho Cheese Sauce – Value Menu,220.0,120.0,13.0,1.5,0.0,20.0,250.0,24.0,2.0,2.0,2.0,276.0,,0,221.0,-1.0,3.62,43.44,52.94,0.909,10.909,5.909,0.909,113.636,1,other
Taco Bell,Cinnamon Twists – Value Menu,170.0,50.0,6.0,0.0,0.0,0.0,210.0,27.0,0.0,13.0,1.0,276.0,,0,166.0,4.0,2.41,65.06,32.53,0.588,15.882,3.529,0.0,123.529,1,other
Taco Bell,Loaded Nacho Taco – Value Menu,250.0,110.0,12.0,4.5,0.0,25.0,610.0,24.0,3.0,2.0,10.0,276.0,,0,244.0,6.0,16.39,39.34,44.26,4.0,9.6,4.8,1.2,244.0,0,other
Taco Bell,Bean Burrito,350.0,80.0,9.0,3.5,0.0,5.0,1000.0,54.0,11.0,3.0,13.0,276.0,,0,349.0,1.0,14.9,61.89,23.21,3.714,15.429,2.571,3.143,285.714,0,other
Taco Bell,Black Bean Chalupa,330.0,140.0,15.0,3.0,0.0,10.0,430.0,39.0,5.0,3.0,10.0,276.0,,0,331.0,-1.0,12.08,47.13,40.79,3.03,11.818,4.545,1.515,130.303,1,other
Taco Bell,Black Bean Crunchwrap Supreme,510.0,160.0,17.0,4.5,0.0,5.0,1080.0,77.0,8.0,6.0,13.0,276.0,,0,513.0,-3.0,10.14,60.04,29.82,2.549,15.098,3.333,1.569,211.765,0,wrap
Taco Bell,Black Bean Quesarito,630.0,270.0,29.0,10.0,0.0,35.0,1260.0,73.0,7.0,5.0,19.0,276.0,,0,629.0,1.0,12.08,46.42,41.49,3.016,11.587,4.603,1.111,200.0,0,other
Taco Bell,Black Beans & Rice,170.0,30.0,3.5,0.0,0.0,0.0,320.0,31.0,4.0,0.0,4.0,276.0,,0,171.5,-1.5,9.33,72.3,18.37,2.353,18.235,2.059,2.353,188.235,1,other
Taco Bell,Cheese Quesadilla,470.0,230.0,25.0,12.0,0.5,50.0,990.0,37.0,4.0,2.0,19.0,276.0,,0,449.0,21.0,16.93,32.96,50.11,4.043,7.872,5.319,0.851,210.638,0,other
Taco Bell,Cheesy Bean & Rice Burrito,420.0,140.0,16.0,4.0,0.0,20.0,880.0,56.0,7.0,3.0,10.0,276.0,,0,408.0,12.0,9.8,54.9,35.29,2.381,13.333,3.81,1.667,209.524,0,other
Taco Bell,Cheesy Roll Up,180.0,80.0,9.0,5.0,0.0,20.0,430.0,15.0,2.0,8.0,9.0,276.0,,0,177.0,3.0,20.34,33.9,45.76,5.0,8.333,5.0,1.111,238.889,1,other
Taco Bell,Chips and Nacho Cheese Sauce,220.0,120.0,13.0,1.5,0.0,20.0,250.0,24.0,2.0,2.0,2.0,276.0,,0,221.0,-1.0,3.62,43.44,52.94,0.909,10.909,5.909,0.909,113.636,1,other
Taco Bell,Cinnabon® Delights™ (2 Pack),160.0,80.0,9.0,2.0,0.0,5.0,80.0,17.0,0.0,10.0,2.0,276.0,,0,157.0,3.0,5.1,43.31,51.59,1.25,10.625,5.625,0.0,50.0,1,other
Taco Bell,Cinnabon® Delights™ (12 Pack – Serves 4),930.0,480.0,53.0,13.0,2.0,40.0,480.0,104.0,3.0,59.0,9.0,276.0,,0,929.0,1.0,3.88,44.78,51.35,0.968,11.183,5.699,0.323,51.613,0,other
Taco Bell,Cinnamon Twists,170.0,50.0,6.0,0.0,0.0,0.0,210.0,27.0,0.0,13.0,1.0,276.0,,0,166.0,4.0,2.41,65.06,32.53,0.588,15.882,3.529,0.0,123.529,1,other
Taco Bell,Hash Brown,160.0,100.0,12.0,1.0,0.0,0.0,270.0,13.0,2.0,0.0,1.0,276.0,,0,164.0,-4.0,2.44,31.71,65.85,0.625,8.125,7.5,1.25,168.75,1,other
Taco Bell,Power Menu Bowl – Veggie,430.0,160.0,17.0,5.0,0.0,20.0,810.0,57.0,10.0,2.0,12.0,276.0,,0,429.0,1.0,11.19,53.15,35.66,2.791,13.256,3.953,2.326,188.372,0,veg
Taco Bell,Power Menu Bowl – Chicken,470.0,170.0,19.0,6.0,0.0,70.0,1200.0,50.0,7.0,2.0,26.0,276.0,,0,475.0,-5.0,21.89,42.11,36.0,5.532,10.638,4.043,1.489,255.319,0,chicken
Taco Bell,Power Menu Bowl – Steak,480.0,180.0,20.0,7.0,0.0,60.0,1150.0,51.0,7.0,2.0,25.0,276.0,,0,484.0,-4.0,20.66,42.15,37.19,5.208,10.625,4.167,1.458,239.583,0,beverage
Taco Bell,Power Menu Bowl – Veggie (V),430.0,160.0,17.0,5.0,0.0,20.0,810.0,57.0,10.0,2.0,12.0,276.0,,0,429.0,1.0,11.19,53.15,35.66,2.791,13.256,3.953,2.326,188.372,0,veg
Taco Bell,Breakfast Crunchwrap – Bacon,670.0,370.0,41.0,12.0,0.0,140.0,1270.0,50.0,4.0,3.0,21.0,276.0,,0,653.0,17.0,12.86,30.63,56.51,3.134,7.463,6.119,0.597,189.552,0,wrap
Taco Bell,Breakfast Crunchwrap – Sausage,720.0,430.0,47.0,15.0,0.0,145.0,1210.0,51.0,4.0,3.0,21.0,276.0,,0,711.0,9.0,11.81,28.69,59.49,2.917,7.083,6.528,0.556,168.056,0,wrap
Taco Bell,Breakfast Crunchwrap – Steak,660.0,350.0,38.0,12.0,0.0,145.0,1300.0,51.0,4.0,3.0,24.0,276.0,,0,642.0,18.0,14.95,31.78,53.27,3.636,7.727,5.758,0.606,196.97,0,wrap
Taco Bell,Breakfast Salsa Packet (V),0.0,0.0,0.0,0.0,0.0,0.0,50.0,34.0,0.0,0.0,0.0,276.0,,0,136.0,-136.0,0.0,100.0,0.0,,,,,,1,other
Taco Bell,Cheesy Toasted Breakfast Burrito – Bacon,350.0,150.0,16.0,4.5,0.0,115.0,870.0,36.0,2.0,3.0,13.0,276.0,,0,340.0,10.0,15.29,42.35,42.35,3.714,10.286,4.571,0.571,248.571,0,other
Taco Bell,Cheesy Toasted Breakfast Burrito – Fiesta Potato (V),340.0,130.0,14.0,3.5,0.0,100.0,750.0,43.0,3.0,3.0,10.0,276.0,,0,338.0,2.0,11.83,50.89,37.28,2.941,12.647,4.118,0.882,220.588,0,other
Taco Bell,Cheesy Toasted Breakfast Burrito – Sausage,340.0,160.0,17.0,5.0,0.0,110.0,730.0,36.0,2.0,3.0,11.0,276.0,,0,341.0,-1.0,12.9,42.23,44.87,3.235,10.588,5.0,0.588,214.706,0,other
Taco Bell,Cinnabon® Delights™ (2 Pack) (V),160.0,80.0,9.0,2.0,0.0,5.0,80.0,17.0,0.0,10.0,2.0,276.0,,0,157.0,3.0,5.1,43.31,51.59,1.25,10.625,5.625,0.0,50.0,1,other
Taco Bell,Cinnabon® Delights™ (12 Pack – Serves 4) (V),930.0,480.0,53.0,13.0,2.0,40.0,480.0,104.0,3.0,59.0,9.0,276.0,,0,929.0,1.0,3.88,44.78,51.35,0.968,11.183,5.699,0.323,51.613,0,other
Taco Bell,Grande Toasted Breakfast Burrito – Bacon,560.0,270.0,30.0,10.0,0.0,230.0,1290.0,49.0,4.0,3.0,24.0,276.0,,0,562.0,-2.0,17.08,34.88,48.04,4.286,8.75,5.357,0.714,230.357,0,other
Taco Bell,Grande Toasted Breakfast Burrito – Sausage,560.0,280.0,31.0,10.0,0.0,230.0,1150.0,49.0,4.0,3.0,22.0,276.0,,0,563.0,-3.0,15.63,34.81,49.56,3.929,8.75,5.536,0.714,205.357,0,other
Taco Bell,Grande Toasted Breakfast Burrito – Steak,560.0,250.0,28.0,9.0,0.0,240.0,1310.0,50.0,4.0,3.0,27.0,276.0,,0,560.0,0.0,19.29,35.71,45.0,4.821,8.929,5.0,0.714,233.929,0,beverage
Taco Bell,Hash Brown (V),160.0,100.0,12.0,1.0,0.0,0.0,270.0,13.0,2.0,0.0,1.0,276.0,,0,164.0,-4.0,2.44,31.71,65.85,0.625,8.125,7.5,1.25,168.75,1,other
Taco Bell,Hash Brown Toasted Breakfast Burrito – Bacon,570.0,300.0,33.0,10.0,0.0,135.0,1270.0,49.0,4.0,2.0,21.0,276.0,,0,577.0,-7.0,14.56,33.97,51.47,3.684,8.596,5.789,0.702,222.807,0,other
Taco Bell,Hash Brown Toasted Breakfast Burrito – Sausage,570.0,300.0,34.0,10.0,0.0,130.0,1130.0,49.0,4.0,2.0,18.0,276.0,,0,574.0,-4.0,12.54,34.15,53.31,3.158,8.596,5.965,0.702,198.246,0,other
Taco Bell,Hash Brown Toasted Breakfast Burrito – Steak,570.0,270.0,30.0,9.0,0.0,140.0,1290.0,50.0,4.0,2.0,24.0,276.0,,0,566.0,4.0,16.96,35.34,47.7,4.211,8.772,5.263,0.702,226.316,0,beverage
Taco Bell,7-Up (16 fl oz),190.0,80.0,8.0,3.0,0.0,70.0,46.0,34.0,0.0,46.0,7.0,276.0,,0,236.0,-46.0,11.86,57.63,30.51,3.684,17.895,4.211,0.0,24.211,1,other
Taco Bell,Brisk® Mango Iced Tea (16 fl oz),100.0,80.0,8.0,3.0,0.0,50.0,26.0,34.0,0.0,26.0,7.0,276.0,,0,236.0,-136.0,11.86,57.63,30.51,7.0,34.0,8.0,0.0,26.0,1,beverage
Taco Bell,Brisk® Unsweetened No Lemon Iced Tea (16 fl oz),0.0,80.0,8.0,3.0,0.0,60.0,0.0,34.0,0.0,0.0,7.0,276.0,,0,236.0,-236.0,11.86,57.63,30.51,,,,,,1,beverage
Taco Bell,Diet Dr Pepper® (16 fl oz),0.0,80.0,8.0,3.0,0.0,95.0,0.0,34.0,0.0,0.0,7.0,276.0,,0,236.0,-236.0,11.86,57.63,30.51,,,,,,1,other
Taco Bell,Diet Mtn Dew® (16 fl oz),5.0,80.0,8.0,3.0,0.0,75.0,1.0,34.0,0.0,1.0,7.0,276.0,,0,236.0,-231.0,11.86,57.63,30.51,140.0,680.0,160.0,0.0,20.0,1,other
Taco Bell,Diet Pepsi® (16 fl oz),0.0,80.0,8.0,3.0,0.0,75.0,0.0,34.0,0.0,0.0,7.0,276.0,,0,236.0,-236.0,11.86,57.63,30.51,,,,,,1,other
Taco Bell,Dr Pepper® (16 fl oz),190.0,80.0,8.0,3.0,0.0,60.0,52.0,34.0,0.0,51.0,7.0,276.0,,0,236.0,-46.0,11.86,57.63,30.51,3.684,17.895,4.211,0.0,27.368,1,other
Taco Bell,G2 – Fruit Punch (16 fl oz),30.0,80.0,8.0,3.0,0.0,140.0,7.0,34.0,0.0,6.0,7.0,276.0,,0,236.0,-206.0,11.86,57.63,30.51,23.333,113.333,26.667,0.0,23.333,1,other
Taco Bell,Mtn Dew® (16 fl oz),220.0,80.0,8.0,3.0,0.0,70.0,59.0,34.0,0.0,58.0,7.0,276.0,,0,236.0,-16.0,11.86,57.63,30.51,3.182,15.455,3.636,0.0,26.818,1,other
Taco Bell,Mtn Dew® Baja Blast™ (16 fl oz),220.0,80.0,8.0,3.0,0.0,65.0,59.0,34.0,0.0,59.0,7.0,276.0,,0,236.0,-16.0,11.86,57.63,30.51,3.182,15.455,3.636,0.0,26.818,1,other
Taco Bell,Mtn Dew® Baja Blast Zero Sugar (16 fl oz),5.0,80.0,8.0,3.0,0.0,70.0,0.0,34.0,0.0,0.0,7.0,276.0,,0,236.0,-231.0,11.86,57.63,30.51,140.0,680.0,160.0,0.0,0.0,1,other
Taco Bell,Mtn Dew® Kickstart™ Orange Citrus (16 fl oz),70.0,80.0,8.0,3.0,0.0,75.0,18.0,34.0,0.0,18.0,7.0,276.0,,0,236.0,-166.0,11.86,57.63,30.51,10.0,48.571,11.429,0.0,25.714,1,other
Taco Bell,Mug® Root Beer (16 fl oz),190.0,80.0,8.0,3.0,0.0,60.0,52.0,34.0,0.0,52.0,7.0,276.0,,0,236.0,-46.0,11.86,57.63,30.51,3.684,17.895,4.211,0.0,27.368,1,other
Taco Bell,Pepsi® (16 fl oz),200.0,80.0,8.0,3.0,0.0,45.0,55.0,34.0,0.0,55.0,7.0,276.0,,0,236.0,-36.0,11.86,57.63,30.51,3.5,17.0,4.0,0.0,27.5,1,other
Taco Bell,Pepsi® Wild Cherry (16 fl oz),210.0,80.0,8.0,3.0,0.0,40.0,56.0,34.0,0.0,56.0,7.0,276.0,,0,236.0,-26.0,11.86,57.63,30.51,3.333,16.19,3.81,0.0,26.667,1,other
Taco Bell,Pepsi® Zero Sugar (16 fl oz),0.0,80.0,8.0,3.0,0.0,85.0,0.0,34.0,0.0,0.0,7.0,276.0,,0,236.0,-236.0,11.86,57.63,30.51,,,,,,1,other
Taco Bell,Sierra Mist® (16 fl oz),200.0,80.0,8.0,3.0,0.0,45.0,54.0,34.0,0.0,54.0,7.0,276.0,,0,236.0,-36.0,11.86,57.63,30.51,3.5,17.0,4.0,0.0,27.0,1,other
Taco Bell,Tropicana® Pink Lemonade (16 fl oz),210.0,80.0,8.0,3.0,0.0,210.0,53.0,34.0,0.0,53.0,7.0,276.0,,0,236.0,-26.0,11.86,57.63,30.51,3.333,16.19,3.81,0.0,25.238,1,other
Taco Bell,7-Up (20 fl oz),240.0,80.0,8.0,3.0,0.0,85.0,58.0,34.0,0.0,58.0,7.0,276.0,,0,236.0,4.0,11.86,57.63,30.51,2.917,14.167,3.333,0.0,24.167,1,other
Taco Bell,Brisk® Mango Iced Tea (20 fl oz),120.0,80.0,8.0,3.0,0.0,60.0,32.0,34.0,0.0,32.0,7.0,276.0,,0,236.0,-116.0,11.86,57.63,30.51,5.833,28.333,6.667,0.0,26.667,1,beverage
Taco Bell,Brisk® Unsweetened No Lemon Iced Tea (20 fl oz),0.0,80.0,8.0,3.0,0.0,75.0,0.0,34.0,0.0,0.0,7.0,276.0,,0,236.0,-236.0,11.86,57.63,30.51,,,,,,1,beverage
Taco Bell,Diet Dr Pepper® (20 fl oz),0.0,80.0,8.0,3.0,0.0,120.0,0.0,34.0,0.0,0.0,7.0,276.0,,0,236.0,-236.0,11.86,57.63,30.51,,,,,,1,other
Taco Bell,Diet Mtn Dew® (20 fl oz),10.0,80.0,8.0,3.0,0.0,90.0,1.0,34.0,0.0,1.0,7.0,276.0,,0,236.0,-226.0,11.86,57.63,30.51,70.0,340.0,80.0,0.0,10.0,1,other
Taco Bell,Diet Pepsi® (20 fl oz),0.0,80.0,8.0,3.0,0.0,95.0,0.0,34.0,0.0,0.0,7.0,276.0,,0,236.0,-236.0,11.86,57.63,30.51,,,,,,1,other
Taco Bell,Dr Pepper® (20 fl oz),240.0,80.0,8.0,3.0,0.0,75.0,65.0,34.0,0.0,64.0,7.0,276.0,,0,236.0,4.0,11.86,57.63,30.51,2.917,14.167,3.333,0.0,27.083,1,other
Taco Bell,G2 – Fruit Punch (20 fl oz),35.0,80.0,8.0,3.0,0.0,180.0,9.0,34.0,0.0,8.0,7.0,276.0,,0,236.0,-201.0,11.86,57.63,30.51,20.0,97.143,22.857,0.0,25.714,1,other
Taco Bell,Mtn Dew® (20 fl oz),270.0,80.0,8.0,3.0,0.0,85.0,73.0,34.0,0.0,73.0,7.0,276.0,,0,236.0,34.0,11.86,57.63,30.51,2.593,12.593,2.963,0.0,27.037,1,other
Taco Bell,Mtn Dew® Baja Blast™ (20 fl oz),280.0,80.0,8.0,3.0,0.0,80.0,74.0,34.0,0.0,73.0,7.0,276.0,,0,236.0,44.0,11.86,57.63,30.51,2.5,12.143,2.857,0.0,26.429,1,other
Taco Bell,Mtn Dew® Baja Blast Zero Sugar (20 fl oz),10.0,80.0,8.0,3.0,0.0,85.0,0.0,34.0,0.0,0.0,7.0,276.0,,0,236.0,-226.0,11.86,57.63,30.51,70.0,340.0,80.0,0.0,0.0,1,other
Taco Bell,Mtn Dew® Kickstart™ Orange Citrus (20 fl oz),90.0,80.0,8.0,3.0,0.0,90.0,23.0,34.0,0.0,22.0,7.0,276.0,,0,236.0,-146.0,11.86,57.63,30.51,7.778,37.778,8.889,0.0,25.556,1,other
Taco Bell,Mug® Root Beer (20 fl oz),240.0,80.0,8.0,3.0,0.0,75.0,65.0,34.0,0.0,65.0,7.0,276.0,,0,236.0,4.0,11.86,57.63,30.51,2.917,14.167,3.333,0.0,27.083,1,other
Taco Bell,Pepsi® (20 fl oz),250.0,80.0,8.0,3.0,0.0,55.0,69.0,34.0,0.0,69.0,7.0,276.0,,0,236.0,14.0,11.86,57.63,30.51,2.8,13.6,3.2,0.0,27.6,1,other
Taco Bell,Pepsi® Wild Cherry (20 fl oz),260.0,80.0,8.0,3.0,0.0,50.0,70.0,34.0,0.0,70.0,7.0,276.0,,0,236.0,24.0,11.86,57.63,30.51,2.692,13.077,3.077,0.0,26.923,1,other
Taco Bell,Pepsi® Zero Sugar (20 fl oz),0.0,80.0,8.0,3.0,0.0,105.0,0.0,34.0,0.0,0.0,7.0,276.0,,0,236.0,-236.0,11.86,57.63,30.51,,,,,,1,other
Taco Bell,Sierra Mist® (20 fl oz),260.0,80.0,8.0,3.0,0.0,55.0,68.0,34.0,0.0,68.0,7.0,276.0,,0,236.0,24.0,11.86,57.63,30.51,2.692,13.077,3.077,0.0,26.154,1,other
Taco Bell,Tropicana® Pink Lemonade (20 fl oz),260.0,80.0,8.0,3.0,0.0,260.0,67.0,34.0,0.0,67.0,7.0,276.0,,0,236.0,24.0,11.86,57.63,30.51,2.692,13.077,3.077,0.0,25.769,1,other
Taco Bell,7-Up (30 fl oz),350.0,80.0,8.0,3.0,0.0,125.0,87.0,34.0,0.0,87.0,7.0,276.0,,0,236.0,114.0,11.86,57.63,30.51,2.0,9.714,2.286,0.0,24.857,1,other
Taco Bell,Brisk® Mango Iced Tea (30 fl oz),180.0,80.0,8.0,3.0,0.0,90.0,48.0,34.0,0.0,48.0,7.0,276.0,,0,236.0,-56.0,11.86,57.63,30.51,3.889,18.889,4.444,0.0,26.667,1,beverage
Taco Bell,Brisk® Unsweetened No Lemon Iced Tea (30 fl oz),0.0,80.0,8.0,3.0,0.0,115.0,0.0,34.0,0.0,0.0,7.0,276.0,,0,236.0,-236.0,11.86,57.63,30.51,,,,,,1,beverage
Taco Bell,Diet Dr Pepper® (30 fl oz),0.0,80.0,8.0,3.0,0.0,180.0,1.0,34.0,0.0,0.0,7.0,276.0,,0,236.0,-236.0,11.86,57.63,30.51,,,,,,1,other
Taco Bell,Diet Mtn Dew® (30 fl oz),10.0,80.0,8.0,3.0,0.0,140.0,1.0,34.0,0.0,1.0,7.0,276.0,,0,236.0,-226.0,11.86,57.63,30.51,70.0,340.0,80.0,0.0,10.0,1,other
Taco Bell,Diet Pepsi® (30 fl oz),0.0,80.0,8.0,3.0,0.0,140.0,0.0,34.0,0.0,0.0,7.0,276.0,,0,236.0,-236.0,11.86,57.63,30.51,,,,,,1,other
Taco Bell,Dr Pepper® (30 fl oz),360.0,80.0,8.0,3.0,0.0,110.0,98.0,34.0,0.0,96.0,7.0,276.0,,0,236.0,124.0,11.86,57.63,30.51,1.944,9.444,2.222,0.0,27.222,1,other
Taco Bell,G2 – Fruit Punch (30 fl oz),50.0,80.0,8.0,3.0,0.0,270.0,13.0,34.0,0.0,12.0,7.0,276.0,,0,236.0,-186.0,11.86,57.63,30.51,14.0,68.0,16.0,0.0,26.0,1,other
Taco Bell,Mtn Dew® (30 fl oz),410.0,80.0,8.0,3.0,0.0,125.0,110.0,34.0,0.0,109.0,7.0,276.0,,0,236.0,174.0,11.86,57.63,30.51,1.707,8.293,1.951,0.0,26.829,0,other
Taco Bell,Mtn Dew® Baja Blast™ (30 fl oz),420.0,80.0,8.0,3.0,0.0,120.0,110.0,34.0,0.0,110.0,7.0,276.0,,0,236.0,184.0,11.86,57.63,30.51,1.667,8.095,1.905,0.0,26.19,0,other
Taco Bell,Mtn Dew® Baja Blast Zero Sugar (30 fl oz),15.0,80.0,8.0,3.0,0.0,125.0,0.0,34.0,0.0,0.0,7.0,276.0,,0,236.0,-221.0,11.86,57.63,30.51,46.667,226.667,53.333,0.0,0.0,1,other
Taco Bell,Mtn Dew® Kickstart™ Orange Citrus (30 fl oz),130.0,80.0,8.0,3.0,0.0,140.0,34.0,34.0,0.0,33.0,7.0,276.0,,0,236.0,-106.0,11.86,57.63,30.51,5.385,26.154,6.154,0.0,26.154,1,other
Taco Bell,Mug® Root Beer (30 fl oz),360.0,80.0,8.0,3.0,0.0,110.0,98.0,34.0,0.0,98.0,7.0,276.0,,0,236.0,124.0,11.86,57.63,30.51,1.944,9.444,2.222,0.0,27.222,1,other
Taco Bell,Pepsi® (30 fl oz),380.0,80.0,8.0,3.0,0.0,80.0,104.0,34.0,0.0,103.0,7.0,276.0,,0,236.0,144.0,11.86,57.63,30.51,1.842,8.947,2.105,0.0,27.368,1,other
Taco Bell,Pepsi® Wild Cherry (30 fl oz),390.0,80.0,8.0,3.0,0.0,80.0,105.0,34.0,0.0,105.0,7.0,276.0,,0,236.0,154.0,11.86,57.63,30.51,1.795,8.718,2.051,0.0,26.923,1,other
Taco Bell,Pepsi® Zero Sugar (30 fl oz),0.0,80.0,8.0,3.0,0.0,160.0,190.0,34.0,0.0,0.0,7.0,276.0,,0,236.0,-236.0,11.86,57.63,30.51,,,,,,1,other
Taco Bell,Sierra Mist® (30 fl oz),380.0,80.0,8.0,3.0,0.0,80.0,101.0,34.0,0.0,101.0,7.0,276.0,,0,236.0,144.0,11.86,57.63,30.51,1.842,8.947,2.105,0.0,26.579,1,other
Taco Bell,Tropicana® Pink Lemonade (30 fl oz),390.0,80.0,8.0,3.0,0.0,390.0,100.0,34.0,0.0,100.0,7.0,276.0,,0,236.0,154.0,11.86,57.63,30.51,1.795,8.718,2.051,0.0,25.641,1,other
Pizza Hut,Detroit Double Cheesy Pizza Slice,280.0,80.0,12.0,6.0,0.0,30.0,560.0,31.0,2.0,2.0,13.0,276.0,,0,284.0,-4.0,18.31,43.66,38.03,4.643,11.071,4.286,0.714,200.0,0,pizza
Pizza Hut,Detroit Double Pepperoni Pizza Slice,330.0,80.0,17.0,7.0,0.0,40.0,720.0,30.0,2.0,2.0,14.0,276.0,,0,329.0,1.0,17.02,36.47,46.5,4.242,9.091,5.152,0.606,218.182,0,pizza
Pizza Hut,Detroit Meaty Pizza Slice,320.0,80.0,16.0,6.0,0.0,35.0,640.0,31.0,2.0,2.0,14.0,276.0,,0,324.0,-4.0,17.28,38.27,44.44,4.375,9.688,5.0,0.625,200.0,0,pizza
Pizza Hut,Detroit Supremo Pizza Slice,290.0,80.0,13.0,6.0,0.0,30.0,570.0,31.0,2.0,2.0,13.0,276.0,,0,293.0,-3.0,17.75,42.32,39.93,4.483,10.69,4.483,0.69,196.552,0,pizza
Pizza Hut,Pan Pizza Slices Backyard BBQ Chicken Personal Pan,180.0,80.0,6.0,2.0,0.0,15.0,370.0,25.0,1.0,8.0,8.0,276.0,,0,186.0,-6.0,17.2,53.76,29.03,4.444,13.889,3.333,0.556,205.556,1,pizza
Pizza Hut,Pan Pizza Slices Backyard BBQ Chicken Medium,270.0,80.0,10.0,4.0,0.0,25.0,450.0,33.0,2.0,6.0,11.0,276.0,,0,266.0,4.0,16.54,49.62,33.83,4.074,12.222,3.704,0.741,166.667,1,pizza
Pizza Hut,Pan Pizza Slices Backyard BBQ Chicken Large,380.0,80.0,16.0,6.0,0.0,35.0,650.0,43.0,2.0,7.0,16.0,276.0,,0,380.0,0.0,16.84,45.26,37.89,4.211,11.316,4.211,0.526,171.053,0,pizza
Pizza Hut,Pan Pizza Slices Beyond Meat® Pepperoni Medium,240.0,80.0,10.0,4.5,0.0,15.0,470.0,29.0,2.0,1.0,10.0,276.0,,0,246.0,-6.0,16.26,47.15,36.59,4.167,12.083,4.167,0.833,195.833,1,pizza
Pizza Hut,Pan Pizza Slices Beyond Meat® Pepperoni Large,350.0,80.0,16.0,6.0,0.0,25.0,680.0,38.0,3.0,2.0,14.0,276.0,,0,352.0,-2.0,15.91,43.18,40.91,4.0,10.857,4.571,0.857,194.286,0,pizza
Pizza Hut,Pan Pizza Slices Buffalo Chicken Personal Pan,160.0,80.0,5.0,2.0,0.0,15.0,570.0,22.0,1.0,2.0,7.0,276.0,,0,161.0,-1.0,17.39,54.66,27.95,4.375,13.75,3.125,0.625,356.25,1,pizza
Pizza Hut,Pan Pizza Slices Buffalo Chicken Medium,240.0,80.0,9.0,3.5,0.0,20.0,680.0,31.0,2.0,2.0,11.0,276.0,,0,249.0,-9.0,17.67,49.8,32.53,4.583,12.917,3.75,0.833,283.333,0,pizza
Pizza Hut,Pan Pizza Slices Buffalo Chicken Large,350.0,80.0,14.0,5.0,0.0,30.0,850.0,40.0,2.0,2.0,15.0,276.0,,0,346.0,4.0,17.34,46.24,36.42,4.286,11.429,4.0,0.571,242.857,0,pizza
Pizza Hut,Pan Pizza Slices Cheese Personal Pan,150.0,80.0,6.0,2.5,0.0,15.0,310.0,17.0,1.0,2.0,7.0,276.0,,0,150.0,0.0,18.67,45.33,36.0,4.667,11.333,4.0,0.667,206.667,1,pizza
Pizza Hut,Pan Pizza Slices Cheese Medium,250.0,80.0,10.0,4.5,0.0,25.0,450.0,28.0,2.0,1.0,11.0,276.0,,0,246.0,4.0,17.89,45.53,36.59,4.4,11.2,4.0,0.8,180.0,1,pizza
Pizza Hut,Pan Pizza Slices Cheese Large,360.0,80.0,17.0,7.0,0.0,35.0,660.0,37.0,2.0,2.0,16.0,276.0,,0,365.0,-5.0,17.53,40.55,41.92,4.444,10.278,4.722,0.556,183.333,0,pizza
Pizza Hut,Pan Pizza Slices Chicken Bacon Parmesan Personal Pan,180.0,80.0,8.0,3.0,0.0,20.0,350.0,17.0,1.0,2.0,9.0,276.0,,0,176.0,4.0,20.45,38.64,40.91,5.0,9.444,4.444,0.556,194.444,1,pizza
Pizza Hut,Pan Pizza Slices Chicken Bacon Parmesan Medium,270.0,80.0,13.0,4.5,0.0,30.0,470.0,27.0,2.0,1.0,12.0,276.0,,0,273.0,-3.0,17.58,39.56,42.86,4.444,10.0,4.815,0.741,174.074,1,pizza
Pizza Hut,Pan Pizza Slices Chicken Bacon Parmesan Large,390.0,80.0,20.0,7.0,0.0,40.0,680.0,35.0,2.0,2.0,18.0,276.0,,0,392.0,-2.0,18.37,35.71,45.92,4.615,8.974,5.128,0.513,174.359,0,pizza
Pizza Hut,Pan Pizza Slices Hawaiian Chicken Personal Pan,150.0,80.0,5.0,2.0,0.0,15.0,330.0,18.0,1.0,3.0,8.0,276.0,,0,149.0,1.0,21.48,48.32,30.2,5.333,12.0,3.333,0.667,220.0,1,pizza
Pizza Hut,Pan Pizza Slices Hawaiian Chicken Medium,240.0,80.0,9.0,3.5,0.0,20.0,480.0,29.0,2.0,2.0,12.0,276.0,,0,245.0,-5.0,19.59,47.35,33.06,5.0,12.083,3.75,0.833,200.0,1,pizza
Pizza Hut,Pan Pizza Slices Hawaiian Chicken Large,350.0,80.0,15.0,5.0,0.0,30.0,690.0,38.0,2.0,3.0,17.0,276.0,,0,355.0,-5.0,19.15,42.82,38.03,4.857,10.857,4.286,0.571,197.143,0,pizza
Pizza Hut,Pan Pizza Slices Meat Lover’s® Personal Pan,210.0,80.0,12.0,4.5,0.0,25.0,460.0,18.0,1.0,2.0,9.0,276.0,,0,216.0,-6.0,16.67,33.33,50.0,4.286,8.571,5.714,0.476,219.048,1,pizza
Pizza Hut,Pan Pizza Slices Meat Lover’s® Medium,320.0,80.0,17.0,6.0,0.0,35.0,640.0,28.0,2.0,1.0,13.0,276.0,,0,317.0,3.0,16.4,35.33,48.26,4.062,8.75,5.312,0.625,200.0,0,pizza
Pizza Hut,Pan Pizza Slices Meat Lover’s® Large,470.0,80.0,27.0,10.0,0.0,50.0,940.0,37.0,2.0,2.0,19.0,276.0,,0,467.0,3.0,16.27,31.69,52.03,4.043,7.872,5.745,0.426,200.0,0,pizza
Pizza Hut,Pan Pizza Slices Pepperoni Personal Pan,150.0,80.0,7.0,2.5,0.0,15.0,310.0,17.0,1.0,2.0,6.0,276.0,,0,155.0,-5.0,15.48,43.87,40.65,4.0,11.333,4.667,0.667,206.667,1,pizza
Pizza Hut,Pan Pizza Slices Pepperoni Medium,250.0,80.0,11.0,4.5,0.0,25.0,470.0,28.0,2.0,1.0,10.0,276.0,,0,251.0,-1.0,15.94,44.62,39.44,4.0,11.2,4.4,0.8,188.0,1,pizza
Pizza Hut,Pan Pizza Slices Pepperoni Large,370.0,80.0,18.0,6.0,0.0,35.0,680.0,36.0,2.0,2.0,15.0,276.0,,0,366.0,4.0,16.39,39.34,44.26,4.054,9.73,4.865,0.541,183.784,0,pizza
Pizza Hut,Pan Pizza Slices Pepperoni Lover’s® Personal Pan,180.0,80.0,9.0,3.5,0.0,20.0,370.0,17.0,1.0,2.0,8.0,276.0,,0,181.0,-1.0,17.68,37.57,44.75,4.444,9.444,5.0,0.556,205.556,1,pizza
Pizza Hut,Pan Pizza Slices Pepperoni Lover’s® Medium,300.0,80.0,15.0,6.0,0.0,35.0,580.0,28.0,2.0,1.0,13.0,276.0,,0,299.0,1.0,17.39,37.46,45.15,4.333,9.333,5.0,0.667,193.333,0,pizza
Pizza Hut,Pan Pizza Slices Pepperoni Lover’s® Large,440.0,80.0,24.0,9.0,0.5,50.0,850.0,37.0,3.0,2.0,19.0,276.0,,0,440.0,0.0,17.27,33.64,49.09,4.318,8.409,5.455,0.682,193.182,0,pizza
Pizza Hut,Pan Pizza Slices Supreme Personal Pan,170.0,80.0,8.0,3.0,0.0,15.0,360.0,18.0,1.0,2.0,7.0,276.0,,0,172.0,-2.0,16.28,41.86,41.86,4.118,10.588,4.706,0.588,211.765,1,pizza
Pizza Hut,Pan Pizza Slices Supreme Medium,270.0,80.0,13.0,5.0,0.0,25.0,500.0,29.0,2.0,2.0,11.0,276.0,,0,277.0,-7.0,15.88,41.88,42.24,4.074,10.741,4.815,0.741,185.185,1,pizza
Pizza Hut,Pan Pizza Slices Supreme Large,390.0,80.0,20.0,7.0,0.0,40.0,740.0,37.0,2.0,2.0,16.0,276.0,,0,392.0,-2.0,16.33,37.76,45.92,4.103,9.487,5.128,0.513,189.744,0,pizza
Pizza Hut,Pan Pizza Slices Ultimate Cheese Lover’s® Personal Pan,170.0,80.0,8.0,3.5,0.0,15.0,330.0,17.0,1.0,2.0,8.0,276.0,,0,172.0,-2.0,18.6,39.53,41.86,4.706,10.0,4.706,0.588,194.118,1,pizza
Pizza Hut,Pan Pizza Slices Ultimate Cheese Lover’s® Medium,270.0,80.0,13.0,5.0,0.0,25.0,470.0,27.0,2.0,1.0,12.0,276.0,,0,273.0,-3.0,17.58,39.56,42.86,4.444,10.0,4.815,0.741,174.074,1,pizza
Pizza Hut,Pan Pizza Slices Ultimate Cheese Lover’s® Large,390.0,80.0,20.0,8.0,0.0,40.0,670.0,36.0,2.0,2.0,17.0,276.0,,0,392.0,-2.0,17.35,36.73,45.92,4.359,9.231,5.128,0.513,171.795,0,pizza
Pizza Hut,Pan Pizza Slices Veggie Lover’s® Personal Pan,140.0,80.0,5.0,2.0,0.0,10.0,290.0,18.0,1.0,2.0,6.0,276.0,,0,141.0,-1.0,17.02,51.06,31.91,4.286,12.857,3.571,0.714,207.143,1,pizza
Pizza Hut,Pan Pizza Slices Veggie Lover’s® Medium,230.0,80.0,9.0,3.5,0.0,15.0,420.0,29.0,2.0,2.0,9.0,276.0,,0,233.0,-3.0,15.45,49.79,34.76,3.913,12.609,3.913,0.87,182.609,1,pizza
Pizza Hut,Pan Pizza Slices Veggie Lover’s® Large,330.0,80.0,15.0,5.0,0.0,25.0,620.0,38.0,3.0,3.0,14.0,276.0,,0,343.0,-13.0,16.33,44.31,39.36,4.242,11.515,4.545,0.909,187.879,0,pizza
Pizza Hut,Hand Tossed Slices Backyard BBQ Chicken Small,140.0,80.0,4.0,2.0,0.0,15.0,250.0,20.0,1.0,4.0,6.0,276.0,,0,140.0,0.0,17.14,57.14,25.71,4.286,14.286,2.857,0.714,178.571,1,chicken
Pizza Hut,Hand Tossed Slices Backyard BBQ Chicken Medium,220.0,80.0,7.0,3.0,0.0,20.0,390.0,31.0,2.0,6.0,10.0,276.0,,0,227.0,-7.0,17.62,54.63,27.75,4.545,14.091,3.182,0.909,177.273,1,chicken
Pizza Hut,Hand Tossed Slices Backyard BBQ Chicken Large,300.0,80.0,10.0,4.5,0.0,30.0,530.0,40.0,2.0,7.0,14.0,276.0,,0,306.0,-6.0,18.3,52.29,29.41,4.667,13.333,3.333,0.667,176.667,1,chicken
Pizza Hut,Hand Tossed Slices Beyond Meat® Pepperoni Medium,200.0,80.0,7.0,3.5,0.0,15.0,410.0,26.0,2.0,1.0,9.0,276.0,,0,203.0,-3.0,17.73,51.23,31.03,4.5,13.0,3.5,1.0,205.0,1,other
Pizza Hut,Hand Tossed Slices Beyond Meat® Pepperoni Large,280.0,80.0,10.0,5.0,0.0,20.0,560.0,35.0,3.0,2.0,12.0,276.0,,0,278.0,2.0,17.27,50.36,32.37,4.286,12.5,3.571,1.071,200.0,1,other
Pizza Hut,Hand Tossed Slices  Buffalo Chicken Small,130.0,80.0,3.5,1.5,0.0,10.0,380.0,19.0,0.0,8.0,6.0,276.0,,0,131.5,-1.5,18.25,57.79,23.95,4.615,14.615,2.692,0.0,292.308,1,chicken
Pizza Hut,Hand Tossed Slices  Buffalo Chicken Medium,200.0,80.0,5.0,2.5,0.0,20.0,560.0,28.0,2.0,1.0,9.0,276.0,,0,193.0,7.0,18.65,58.03,23.32,4.5,14.0,2.5,1.0,280.0,1,chicken
Pizza Hut,Hand Tossed Slices  Buffalo Chicken Large,270.0,80.0,8.0,4.0,0.0,30.0,740.0,37.0,2.0,2.0,13.0,276.0,,0,272.0,-2.0,19.12,54.41,26.47,4.815,13.704,2.963,0.741,274.074,0,chicken
Pizza Hut,Hand Tossed Slices Cheese Small,130.0,80.0,4.5,2.0,0.0,10.0,250.0,17.0,1.0,8.0,6.0,276.0,,0,132.5,-2.5,18.11,51.32,30.57,4.615,13.077,3.462,0.769,192.308,1,other
Pizza Hut,Hand Tossed Slices Cheese Medium,210.0,80.0,8.0,3.5,0.0,20.0,390.0,26.0,2.0,1.0,10.0,276.0,,0,216.0,-6.0,18.52,48.15,33.33,4.762,12.381,3.81,0.952,185.714,1,other
Pizza Hut,Hand Tossed Slices Cheese Large,290.0,80.0,10.0,5.0,0.0,30.0,540.0,34.0,3.0,2.0,13.0,276.0,,0,278.0,12.0,18.71,48.92,32.37,4.483,11.724,3.448,1.034,186.207,1,other
Pizza Hut,Hand Tossed Slices Chicken Bacon Parmesan Small,150.0,80.0,6.0,2.5,0.0,15.0,270.0,16.0,1.0,8.0,7.0,276.0,,0,146.0,4.0,19.18,43.84,36.99,4.667,10.667,4.0,0.667,180.0,1,chicken
Pizza Hut,Hand Tossed Slices Chicken Bacon Parmesan Medium,230.0,80.0,9.0,4.0,0.0,25.0,410.0,25.0,2.0,1.0,11.0,276.0,,0,225.0,5.0,19.56,44.44,36.0,4.783,10.87,3.913,0.87,178.261,1,chicken
Pizza Hut,Hand Tossed Slices Chicken Bacon Parmesan Large,310.0,80.0,13.0,5.0,0.0,35.0,560.0,33.0,2.0,1.0,16.0,276.0,,0,313.0,-3.0,20.45,42.17,37.38,5.161,10.645,4.194,0.645,180.645,1,chicken
Pizza Hut,Hand Tossed Slices Hawaiian Chicken Small,130.0,80.0,4.0,1.5,0.0,10.0,270.0,17.0,1.0,1.0,7.0,276.0,,0,132.0,-2.0,21.21,51.52,27.27,5.385,13.077,3.077,0.769,207.692,1,chicken
Pizza Hut,Hand Tossed Slices Hawaiian Chicken Medium,210.0,80.0,6.0,3.0,0.0,20.0,420.0,27.0,2.0,2.0,10.0,276.0,,0,202.0,8.0,19.8,53.47,26.73,4.762,12.857,2.857,0.952,200.0,1,chicken
Pizza Hut,Hand Tossed Slices Hawaiian Chicken Large,280.0,80.0,9.0,4.0,0.0,30.0,580.0,36.0,3.0,3.0,15.0,276.0,,0,285.0,-5.0,21.05,50.53,28.42,5.357,12.857,3.214,1.071,207.143,1,chicken
Pizza Hut,Hand Tossed Slices Meat Lover’s® Small,180.0,80.0,9.0,3.5,0.0,20.0,370.0,17.0,1.0,8.0,7.0,276.0,,0,177.0,3.0,15.82,38.42,45.76,3.889,9.444,5.0,0.556,205.556,1,other
Pizza Hut,Hand Tossed Slices Meat Lover’s® Medium,290.0,80.0,15.0,6.0,0.0,30.0,590.0,26.0,2.0,1.0,12.0,276.0,,0,287.0,3.0,16.72,36.24,47.04,4.138,8.966,5.172,0.69,203.448,0,other
Pizza Hut,Hand Tossed Slices Meat Lover’s® Large,390.0,80.0,21.0,8.0,0.0,45.0,830.0,34.0,3.0,2.0,17.0,276.0,,0,393.0,-3.0,17.3,34.61,48.09,4.359,8.718,5.385,0.769,212.821,0,other
Pizza Hut,Hand Tossed Slices Pepperoni Small,130.0,80.0,5.0,2.0,0.0,10.0,260.0,16.0,1.0,8.0,6.0,276.0,,0,133.0,-3.0,18.05,48.12,33.83,4.615,12.308,3.846,0.769,200.0,1,other
Pizza Hut,Hand Tossed Slices Pepperoni Medium,220.0,80.0,9.0,4.0,0.0,20.0,420.0,25.0,2.0,1.0,9.0,276.0,,0,217.0,3.0,16.59,46.08,37.33,4.091,11.364,4.091,0.909,190.909,1,other
Pizza Hut,Hand Tossed Slices Pepperoni Large,300.0,80.0,13.0,6.0,0.0,30.0,590.0,34.0,3.0,2.0,13.0,276.0,,0,305.0,-5.0,17.05,44.59,38.36,4.333,11.333,4.333,1.0,196.667,0,other
Pizza Hut,Hand Tossed Slices Pepperoni Lover’s® Small,160.0,80.0,7.0,3.0,0.0,20.0,310.0,17.0,1.0,8.0,7.0,276.0,,0,159.0,1.0,17.61,42.77,39.62,4.375,10.625,4.375,0.625,193.75,1,other
Pizza Hut,Hand Tossed Slices Pepperoni Lover’s® Medium,270.0,80.0,13.0,6.0,0.0,35.0,530.0,26.0,2.0,1.0,12.0,276.0,,0,269.0,1.0,17.84,38.66,43.49,4.444,9.63,4.815,0.741,196.296,0,other
Pizza Hut,Hand Tossed Slices Pepperoni Lover’s® Large,370.0,80.0,18.0,8.0,0.0,50.0,740.0,35.0,3.0,2.0,17.0,276.0,,0,370.0,0.0,18.38,37.84,43.78,4.595,9.459,4.865,0.811,200.0,0,other
Pizza Hut,Hand Tossed Slices Supreme Small,150.0,80.0,6.0,2.5,0.0,15.0,280.0,17.0,1.0,1.0,6.0,276.0,,0,146.0,4.0,16.44,46.58,36.99,4.0,11.333,4.0,0.667,186.667,1,other
Pizza Hut,Hand Tossed Slices Supreme Medium,240.0,80.0,10.0,4.0,0.0,25.0,450.0,26.0,2.0,2.0,10.0,276.0,,0,234.0,6.0,17.09,44.44,38.46,4.167,10.833,4.167,0.833,187.5,1,other
Pizza Hut,Hand Tossed Slices Supreme Large,320.0,80.0,14.0,6.0,0.0,35.0,630.0,35.0,3.0,2.0,14.0,276.0,,0,322.0,-2.0,17.39,43.48,39.13,4.375,10.938,4.375,0.938,196.875,0,other
Pizza Hut,Hand Tossed Slices Ultimate Cheese Lover’s® Small,150.0,80.0,6.0,2.5,0.0,15.0,250.0,16.0,1.0,8.0,6.0,276.0,,0,142.0,8.0,16.9,45.07,38.03,4.0,10.667,4.0,0.667,166.667,1,other
Pizza Hut,Hand Tossed Slices Ultimate Cheese Lover’s® Medium,230.0,80.0,10.0,4.5,0.0,25.0,390.0,25.0,2.0,1.0,11.0,276.0,,0,234.0,-4.0,18.8,42.74,38.46,4.783,10.87,4.348,0.87,169.565,1,other
Pizza Hut,Hand Tossed Slices Ultimate Cheese Lover’s® Large,310.0,80.0,13.0,6.0,0.0,35.0,540.0,33.0,2.0,1.0,15.0,276.0,,0,309.0,1.0,19.42,42.72,37.86,4.839,10.645,4.194,0.645,174.194,0,other
Pizza Hut,Hand Tossed Slices Veggie Lover’s® Small,120.0,80.0,4.0,1.5,0.0,10.0,230.0,17.0,1.0,1.0,5.0,276.0,,0,124.0,-4.0,16.13,54.84,29.03,4.167,14.167,3.333,0.833,191.667,1,veg
Pizza Hut,Hand Tossed Slices Veggie Lover’s® Medium,200.0,80.0,6.0,2.5,0.0,15.0,370.0,27.0,2.0,2.0,8.0,276.0,,0,194.0,6.0,16.49,55.67,27.84,4.0,13.5,3.0,1.0,185.0,1,veg
Pizza Hut,Hand Tossed Slices Veggie Lover’s® Large,260.0,80.0,9.0,4.0,0.0,20.0,510.0,36.0,3.0,3.0,11.0,276.0,,0,269.0,-9.0,16.36,53.53,30.11,4.231,13.846,3.462,1.154,196.154,1,veg
